NAME,DATE,rain,temp
"PUERTO CASADO, PA",2013/8/3,,21
"PUERTO CASADO, PA",2013/8/4,,21.5
"PUERTO CASADO, PA",2013/8/5,,24.4
"PUERTO CASADO, PA",2013/8/6,,27.9
"PUERTO CASADO, PA",2013/8/7,,26.9
"PUERTO CASADO, PA",2013/8/8,,27.7
"PUERTO CASADO, PA",2013/8/9,,16.3
"PUERTO CASADO, PA",2013/8/10,,14.4
"PUERTO CASADO, PA",2013/8/11,,15.9
"PUERTO CASADO, PA",2013/8/12,,21.4
"PUERTO CASADO, PA",2013/8/13,,21.1
"PUERTO CASADO, PA",2013/8/14,,13.2
"PUERTO CASADO, PA",2013/8/15,,11.5
"PUERTO CASADO, PA",2013/8/16,,16.4
"PUERTO CASADO, PA",2013/8/17,,19.2
"PUERTO CASADO, PA",2013/8/18,,19.7
"PUERTO CASADO, PA",2013/8/19,,23.6
"PUERTO CASADO, PA",2013/8/20,,27.4
"PUERTO CASADO, PA",2013/8/21,,29.8
"PUERTO CASADO, PA",2013/8/22,,26.9
"PUERTO CASADO, PA",2013/8/23,,20.2
"PUERTO CASADO, PA",2013/8/24,,13
"PUERTO CASADO, PA",2013/8/25,,9.8
"PUERTO CASADO, PA",2013/8/26,,9.7
"PUERTO CASADO, PA",2013/8/27,,9.9
"PUERTO CASADO, PA",2013/8/28,,14.4
"PUERTO CASADO, PA",2013/8/29,,18.2
"PUERTO CASADO, PA",2013/8/30,,22.2
"PUERTO CASADO, PA",2013/8/31,,29.6
"PUERTO CASADO, PA",2013/9/1,,29.3
"PUERTO CASADO, PA",2013/9/2,22.4,27.6
"PUERTO CASADO, PA",2013/9/3,0,26.2
"PUERTO CASADO, PA",2013/9/4,,21.6
"PUERTO CASADO, PA",2013/9/5,,25.8
"PUERTO CASADO, PA",2013/9/6,,28.8
"PUERTO CASADO, PA",2013/9/7,,29.8
"PUERTO CASADO, PA",2013/9/8,,28.4
"PUERTO CASADO, PA",2013/9/9,0.3,26.3
"PUERTO CASADO, PA",2013/9/10,0,28.9
"PUERTO CASADO, PA",2013/9/11,,29.8
"PUERTO CASADO, PA",2013/9/12,,28.6
"PUERTO CASADO, PA",2013/9/13,,30.4
"PUERTO CASADO, PA",2013/9/14,,24.9
"PUERTO CASADO, PA",2013/9/15,1.5,23.3
"PUERTO CASADO, PA",2013/9/16,0.3,17.3
"PUERTO CASADO, PA",2013/9/17,2.8,14.6
"PUERTO CASADO, PA",2013/9/18,0,17.1
"PUERTO CASADO, PA",2013/9/19,,20.6
"PUERTO CASADO, PA",2013/9/20,,25.2
"PUERTO CASADO, PA",2013/9/21,,31.2
"PUERTO CASADO, PA",2013/9/22,,23.3
"PUERTO CASADO, PA",2013/9/23,1.5,16
"PUERTO CASADO, PA",2013/9/24,0,17.4
"PUERTO CASADO, PA",2013/9/25,,15.4
"PUERTO CASADO, PA",2013/9/26,,19.8
"PUERTO CASADO, PA",2013/9/27,,25.3
"PUERTO CASADO, PA",2013/9/28,,30.8
"PUERTO CASADO, PA",2013/9/29,,27.2
"PUERTO CASADO, PA",2013/9/30,,20.2
"PUERTO CASADO, PA",2013/10/1,,16.2
"PUERTO CASADO, PA",2013/10/2,,19.8
"PUERTO CASADO, PA",2013/10/3,,24
"PUERTO CASADO, PA",2013/10/4,5.6,21.8
"PUERTO CASADO, PA",2013/10/5,1.3,20.7
"PUERTO CASADO, PA",2013/10/6,0,22.1
"PUERTO CASADO, PA",2013/10/7,,23.3
"PUERTO CASADO, PA",2013/10/8,,27.6
"PUERTO CASADO, PA",2013/10/9,,29.7
"PUERTO CASADO, PA",2013/10/10,,26.8
"PUERTO CASADO, PA",2013/10/11,42.2,22.1
"PUERTO CASADO, PA",2013/10/12,0,25.4
"PUERTO CASADO, PA",2013/10/13,58.4,23.2
"PUERTO CASADO, PA",2013/10/14,0,24.1
"PUERTO CASADO, PA",2013/10/15,5.3,22.8
"PUERTO CASADO, PA",2013/10/16,3.3,23.8
"PUERTO CASADO, PA",2013/10/17,0,27.3
"PUERTO CASADO, PA",2013/10/18,,26.5
"PUERTO CASADO, PA",2013/10/19,,26.3
"PUERTO CASADO, PA",2013/10/20,,30
"PUERTO CASADO, PA",2013/10/21,,31.8
"PUERTO CASADO, PA",2013/10/22,0.5,24.7
"PUERTO CASADO, PA",2013/10/23,0,30.6
"PUERTO CASADO, PA",2013/10/24,,29.5
"PUERTO CASADO, PA",2013/10/25,42.9,24.8
"PUERTO CASADO, PA",2013/10/26,0,27.6
"PUERTO CASADO, PA",2013/10/27,37.3,26.9
"PUERTO CASADO, PA",2013/10/28,0,26.1
"PUERTO CASADO, PA",2013/10/29,,29.1
"PUERTO CASADO, PA",2013/10/30,,29.7
"PUERTO CASADO, PA",2013/10/31,18.3,27.1
"PUERTO CASADO, PA",2013/11/1,0,29.9
"PUERTO CASADO, PA",2013/11/2,,26.8
"PUERTO CASADO, PA",2013/11/3,,22.2
"PUERTO CASADO, PA",2013/11/4,1,22.8
"PUERTO CASADO, PA",2013/11/5,0,23.7
"PUERTO CASADO, PA",2013/11/6,,26
"PUERTO CASADO, PA",2013/11/7,,27.8
"PUERTO CASADO, PA",2013/11/8,,29.2
"PUERTO CASADO, PA",2013/11/9,,30
"PUERTO CASADO, PA",2013/11/10,,31.2
"PUERTO CASADO, PA",2013/11/11,,27.7
"PUERTO CASADO, PA",2013/11/12,,23.8
"PUERTO CASADO, PA",2013/11/13,,25.9
"PUERTO CASADO, PA",2013/11/14,,28.9
"PUERTO CASADO, PA",2013/11/15,,31.7
"PUERTO CASADO, PA",2013/11/16,32,23.6
"PUERTO CASADO, PA",2013/11/17,1,24.3
"PUERTO CASADO, PA",2013/11/18,0,28.8
"PUERTO CASADO, PA",2013/11/19,,30.1
"PUERTO CASADO, PA",2013/11/20,92.2,26
"PUERTO CASADO, PA",2013/11/21,23.9,25
"PUERTO CASADO, PA",2013/11/22,0,26.3
"PUERTO CASADO, PA",2013/11/23,,27.5
"PUERTO CASADO, PA",2013/11/24,,28.9
"PUERTO CASADO, PA",2013/11/25,,29.7
"PUERTO CASADO, PA",2013/11/26,,30.7
"PUERTO CASADO, PA",2013/11/27,,30.6
"PUERTO CASADO, PA",2013/11/28,,31.4
"PUERTO CASADO, PA",2013/11/29,,27.7
"PUERTO CASADO, PA",2013/11/30,,27.9
"PUERTO CASADO, PA",2013/12/1,,29.4
"PUERTO CASADO, PA",2013/12/2,,30.1
"PUERTO CASADO, PA",2013/12/3,,30.6
"PUERTO CASADO, PA",2013/12/4,32.5,28.3
"PUERTO CASADO, PA",2013/12/5,0,32.5
"PUERTO CASADO, PA",2013/12/6,19.3,28.3
"PUERTO CASADO, PA",2013/12/7,12.4,26.4
"PUERTO CASADO, PA",2013/12/8,0,29.7
"PUERTO CASADO, PA",2013/12/9,,30.8
"PUERTO CASADO, PA",2013/12/10,13.5,26.3
"PUERTO CASADO, PA",2013/12/11,0,27.3
"PUERTO CASADO, PA",2013/12/12,,27.1
"PUERTO CASADO, PA",2013/12/13,,29.3
"PUERTO CASADO, PA",2013/12/14,,29.1
"PUERTO CASADO, PA",2013/12/15,,29.8
"PUERTO CASADO, PA",2013/12/16,,28.4
"PUERTO CASADO, PA",2013/12/17,,28.6
"PUERTO CASADO, PA",2013/12/18,,30.7
"PUERTO CASADO, PA",2013/12/19,,28.4
"PUERTO CASADO, PA",2013/12/20,,28
"PUERTO CASADO, PA",2013/12/21,,30.1
"PUERTO CASADO, PA",2013/12/22,,28.4
"PUERTO CASADO, PA",2013/12/23,,28
"PUERTO CASADO, PA",2013/12/24,,30
"PUERTO CASADO, PA",2013/12/25,,29.7
"PUERTO CASADO, PA",2013/12/26,,29.8
"PUERTO CASADO, PA",2013/12/27,,30.6
"PUERTO CASADO, PA",2013/12/28,26.4,27.8
"PUERTO CASADO, PA",2013/12/29,23.9,26.6
"PUERTO CASADO, PA",2013/12/30,2,27
"PUERTO CASADO, PA",2013/12/31,3.3,27.5
"PUERTO CASADO, PA",2014/1/1,138.4,25.2
"PUERTO CASADO, PA",2014/1/2,16,29
"PUERTO CASADO, PA",2014/1/3,0,29.3
"PUERTO CASADO, PA",2014/1/4,41.4,25.1
"PUERTO CASADO, PA",2014/1/5,20.8,28.1
"PUERTO CASADO, PA",2014/1/6,0,29
"PUERTO CASADO, PA",2014/1/7,,28.2
"PUERTO CASADO, PA",2014/1/8,,28.1
"PUERTO CASADO, PA",2014/1/9,2,28.6
"PUERTO CASADO, PA",2014/1/10,0,29.9
"PUERTO CASADO, PA",2014/1/11,,30.6
"PUERTO CASADO, PA",2014/1/12,79.2,25.3
"PUERTO CASADO, PA",2014/1/13,2.3,27.8
"PUERTO CASADO, PA",2014/1/14,8.4,27.3
"PUERTO CASADO, PA",2014/1/15,21.3,26.8
"PUERTO CASADO, PA",2014/1/16,33.3,27.1
"PUERTO CASADO, PA",2014/1/17,0,25.9
"PUERTO CASADO, PA",2014/1/18,26.7,27.6
"PUERTO CASADO, PA",2014/1/19,0,28.8
"PUERTO CASADO, PA",2014/1/20,,28.8
"PUERTO CASADO, PA",2014/1/21,1,28.2
"PUERTO CASADO, PA",2014/1/22,0,29.9
"PUERTO CASADO, PA",2014/1/23,3,30.6
"PUERTO CASADO, PA",2014/1/24,0,29.1
"PUERTO CASADO, PA",2014/1/25,,27.3
"PUERTO CASADO, PA",2014/1/26,,23.3
"PUERTO CASADO, PA",2014/1/27,,27
"PUERTO CASADO, PA",2014/1/28,,27.8
"PUERTO CASADO, PA",2014/1/29,,29.3
"PUERTO CASADO, PA",2014/1/30,,28.3
"PUERTO CASADO, PA",2014/1/31,,28.5
"PUERTO CASADO, PA",2014/2/1,,29.6
"PUERTO CASADO, PA",2014/2/2,,30.6
"PUERTO CASADO, PA",2014/2/3,2,30.1
"PUERTO CASADO, PA",2014/2/4,0,30.4
"PUERTO CASADO, PA",2014/2/5,,29.6
"PUERTO CASADO, PA",2014/2/6,,31.2
"PUERTO CASADO, PA",2014/2/7,,30.1
"PUERTO CASADO, PA",2014/2/8,,28.9
"PUERTO CASADO, PA",2014/2/9,,30.9
"PUERTO CASADO, PA",2014/2/10,,28.9
"PUERTO CASADO, PA",2014/2/11,1,28.2
"PUERTO CASADO, PA",2014/2/12,2,28.8
"PUERTO CASADO, PA",2014/2/13,0,26.8
"PUERTO CASADO, PA",2014/2/14,19.8,26.3
"PUERTO CASADO, PA",2014/2/15,0,26.9
"PUERTO CASADO, PA",2014/2/16,2,26.8
"PUERTO CASADO, PA",2014/2/17,0,28.2
"PUERTO CASADO, PA",2014/2/18,,27.6
"PUERTO CASADO, PA",2014/2/19,,29.1
"PUERTO CASADO, PA",2014/2/20,8.4,28.6
"PUERTO CASADO, PA",2014/2/21,0,28.5
"PUERTO CASADO, PA",2014/2/22,,28.7
"PUERTO CASADO, PA",2014/2/23,,28.9
"PUERTO CASADO, PA",2014/2/24,,28.2
"PUERTO CASADO, PA",2014/2/25,,27.8
"PUERTO CASADO, PA",2014/2/26,,27.5
"PUERTO CASADO, PA",2014/2/27,0.8,22.3
"PUERTO CASADO, PA",2014/2/28,0,23.1
"PUERTO CASADO, PA",2014/3/1,,26.2
"PUERTO CASADO, PA",2014/3/2,,26.9
"PUERTO CASADO, PA",2014/3/3,38.9,24.1
"PUERTO CASADO, PA",2014/3/4,35.3,24.6
"PUERTO CASADO, PA",2014/3/5,0.8,27.3
"PUERTO CASADO, PA",2014/3/6,0,29.3
"PUERTO CASADO, PA",2014/3/7,,28.8
"PUERTO CASADO, PA",2014/3/8,,27.3
"PUERTO CASADO, PA",2014/3/9,,28.6
"PUERTO CASADO, PA",2014/3/10,,24.6
"PUERTO CASADO, PA",2014/3/11,58.2,23.3
"PUERTO CASADO, PA",2014/3/12,3.3,24.8
"PUERTO CASADO, PA",2014/3/13,0,28.1
"PUERTO CASADO, PA",2014/3/14,,29.2
"PUERTO CASADO, PA",2014/3/15,,29.2
"PUERTO CASADO, PA",2014/3/16,,29.4
"PUERTO CASADO, PA",2014/3/17,,28.7
"PUERTO CASADO, PA",2014/3/18,,28.7
"PUERTO CASADO, PA",2014/3/19,2.3,25.4
"PUERTO CASADO, PA",2014/3/20,120.1,22.8
"PUERTO CASADO, PA",2014/3/21,1,23.7
"PUERTO CASADO, PA",2014/3/22,9.4,25.3
"PUERTO CASADO, PA",2014/3/23,0,21.7
"PUERTO CASADO, PA",2014/3/24,,25.1
"PUERTO CASADO, PA",2014/3/25,,27.5
"PUERTO CASADO, PA",2014/3/26,,27.4
"PUERTO CASADO, PA",2014/3/27,,27.7
"PUERTO CASADO, PA",2014/3/28,,27.3
"PUERTO CASADO, PA",2014/3/29,7.1,26.1
"PUERTO CASADO, PA",2014/3/30,0,27.9
"PUERTO CASADO, PA",2014/3/31,,29.2
"PUERTO CASADO, PA",2014/4/1,,29.7
"PUERTO CASADO, PA",2014/4/2,,29.8
"PUERTO CASADO, PA",2014/4/3,,28.8
"PUERTO CASADO, PA",2014/4/4,,30.1
"PUERTO CASADO, PA",2014/4/5,,30.3
"PUERTO CASADO, PA",2014/4/6,,31.5
"PUERTO CASADO, PA",2014/4/7,,30.9
"PUERTO CASADO, PA",2014/4/8,,31.3
"PUERTO CASADO, PA",2014/4/9,,31.1
"PUERTO CASADO, PA",2014/4/10,1,27.8
"PUERTO CASADO, PA",2014/4/11,0,29.1
"PUERTO CASADO, PA",2014/4/12,3,23.2
"PUERTO CASADO, PA",2014/4/13,8.1,20.5
"PUERTO CASADO, PA",2014/4/14,0,17.1
"PUERTO CASADO, PA",2014/4/15,,21.4
"PUERTO CASADO, PA",2014/4/16,,24.5
"PUERTO CASADO, PA",2014/4/17,,27.9
"PUERTO CASADO, PA",2014/4/18,,29.4
"PUERTO CASADO, PA",2014/4/19,,26.3
"PUERTO CASADO, PA",2014/4/20,3.3,22.9
"PUERTO CASADO, PA",2014/4/21,0,26.4
"PUERTO CASADO, PA",2014/4/22,10.4,23.8
"PUERTO CASADO, PA",2014/4/23,13.7,24.2
"PUERTO CASADO, PA",2014/4/24,0,23.4
"PUERTO CASADO, PA",2014/4/25,,20.8
"PUERTO CASADO, PA",2014/4/26,,22.2
"PUERTO CASADO, PA",2014/4/27,,27.1
"PUERTO CASADO, PA",2014/4/28,,26.6
"PUERTO CASADO, PA",2014/4/29,,27.9
"PUERTO CASADO, PA",2014/4/30,,26.9
"PUERTO CASADO, PA",2014/5/1,54.4,21.9
"PUERTO CASADO, PA",2014/5/2,0,22.8
"PUERTO CASADO, PA",2014/5/3,,26.5
"PUERTO CASADO, PA",2014/5/4,,28.4
"PUERTO CASADO, PA",2014/5/5,,24.9
"PUERTO CASADO, PA",2014/5/6,55.4,22.7
"PUERTO CASADO, PA",2014/5/7,0,24.4
"PUERTO CASADO, PA",2014/5/8,,25.8
"PUERTO CASADO, PA",2014/5/9,,24.4
"PUERTO CASADO, PA",2014/5/10,,21.9
"PUERTO CASADO, PA",2014/5/11,,22
"PUERTO CASADO, PA",2014/5/12,,24
"PUERTO CASADO, PA",2014/5/13,2.3,22.4
"PUERTO CASADO, PA",2014/5/14,4.8,24.4
"PUERTO CASADO, PA",2014/5/15,5.3,22.3
"PUERTO CASADO, PA",2014/5/16,115.3,23.1
"PUERTO CASADO, PA",2014/5/17,0,23
"PUERTO CASADO, PA",2014/5/18,6.1,23.2
"PUERTO CASADO, PA",2014/5/19,0,24.1
"PUERTO CASADO, PA",2014/5/20,,26.6
"PUERTO CASADO, PA",2014/5/21,,28
"PUERTO CASADO, PA",2014/5/22,1,24.5
"PUERTO CASADO, PA",2014/5/23,31.5,13.6
"PUERTO CASADO, PA",2014/5/24,7.6,12.3
"PUERTO CASADO, PA",2014/5/25,47.8,13.2
"PUERTO CASADO, PA",2014/5/26,26.4,11.7
"PUERTO CASADO, PA",2014/5/27,0,13.6
"PUERTO CASADO, PA",2014/5/28,,16.3
"PUERTO CASADO, PA",2014/5/29,,21
"PUERTO CASADO, PA",2014/5/30,,23.4
"PUERTO CASADO, PA",2014/5/31,1.3,24.4
"PUERTO CASADO, PA",2014/6/1,0,20.2
"PUERTO CASADO, PA",2014/6/2,,15.9
"PUERTO CASADO, PA",2014/6/3,,17.6
"PUERTO CASADO, PA",2014/6/4,,24.4
"PUERTO CASADO, PA",2014/6/5,0.3,26.9
"PUERTO CASADO, PA",2014/6/6,29.2,23.1
"PUERTO CASADO, PA",2014/6/7,2.3,23.5
"PUERTO CASADO, PA",2014/6/8,13.5,21.1
"PUERTO CASADO, PA",2014/6/9,0,18.2
"PUERTO CASADO, PA",2014/6/10,34.5,19.6
"PUERTO CASADO, PA",2014/6/11,0,23.2
"PUERTO CASADO, PA",2014/6/12,,25.1
"PUERTO CASADO, PA",2014/6/13,,25.7
"PUERTO CASADO, PA",2014/6/14,19.6,16.3
"PUERTO CASADO, PA",2014/6/15,0.3,18.6
"PUERTO CASADO, PA",2014/6/16,0,19.3
"PUERTO CASADO, PA",2014/6/17,0.3,21.3
"PUERTO CASADO, PA",2014/6/18,0,21.9
"PUERTO CASADO, PA",2014/6/19,,19.1
"PUERTO CASADO, PA",2014/6/20,,17.9
"PUERTO CASADO, PA",2014/6/21,,21.5
"PUERTO CASADO, PA",2014/6/22,,23.2
"PUERTO CASADO, PA",2014/6/23,,24.8
"PUERTO CASADO, PA",2014/6/24,,26.8
"PUERTO CASADO, PA",2014/6/25,,25.9
"PUERTO CASADO, PA",2014/6/26,,24.2
"PUERTO CASADO, PA",2014/6/27,23.1,17.3
"PUERTO CASADO, PA",2014/6/28,14.2,13.8
"PUERTO CASADO, PA",2014/6/29,1.5,15.1
"PUERTO CASADO, PA",2014/6/30,0,15.2
"PUERTO CASADO, PA",2014/7/1,,17.5
"PUERTO CASADO, PA",2014/7/2,,22.8
"PUERTO CASADO, PA",2014/7/3,,26
"PUERTO CASADO, PA",2014/7/4,,27.2
"PUERTO CASADO, PA",2014/7/5,,24.4
"PUERTO CASADO, PA",2014/7/7,7.1,13.3
"PUERTO CASADO, PA",2014/7/8,1.8,15.4
"PUERTO CASADO, PA",2014/7/9,4.1,15.7
"PUERTO CASADO, PA",2014/7/10,2.8,16.4
"PUERTO CASADO, PA",2014/7/11,1,19.3
"PUERTO CASADO, PA",2014/7/12,0,21.8
"PUERTO CASADO, PA",2014/7/13,,24.8
"PUERTO CASADO, PA",2014/7/14,,25.2
"PUERTO CASADO, PA",2014/7/15,,24.3
"PUERTO CASADO, PA",2014/7/16,,26.1
"PUERTO CASADO, PA",2014/7/17,,26
"PUERTO CASADO, PA",2014/7/18,19.1,20.5
"PUERTO CASADO, PA",2014/7/19,0,15.4
"PUERTO CASADO, PA",2014/7/20,,17.1
"PUERTO CASADO, PA",2014/7/21,,23
"PUERTO CASADO, PA",2014/7/22,,24.1
"PUERTO CASADO, PA",2014/7/23,,24.7
"PUERTO CASADO, PA",2014/7/24,28.4,13.5
"PUERTO CASADO, PA",2014/7/25,0,11.4
"PUERTO CASADO, PA",2014/7/26,,14.2
"PUERTO CASADO, PA",2014/7/27,,16
"PUERTO CASADO, PA",2014/7/28,,20.7
"PUERTO CASADO, PA",2014/7/29,,22.9
"PUERTO CASADO, PA",2014/7/30,,24.6
"PUERTO CASADO, PA",2014/7/31,,25
"PUERTO CASADO, PA",2014/8/1,,25.9
"PUERTO CASADO, PA",2014/8/2,,26.4
"PUERTO CASADO, PA",2014/8/3,,26.3
"PUERTO CASADO, PA",2014/8/4,,27.1
"PUERTO CASADO, PA",2014/8/5,,20.7
"PUERTO CASADO, PA",2014/8/6,,24.2
"PUERTO CASADO, PA",2014/8/7,,22.8
"PUERTO CASADO, PA",2014/8/8,,16.9
"PUERTO CASADO, PA",2014/8/9,,19.3
"PUERTO CASADO, PA",2014/8/10,,23
"PUERTO CASADO, PA",2014/8/11,,24.6
"PUERTO CASADO, PA",2014/8/12,,27.1
"PUERTO CASADO, PA",2014/8/13,2.3,18.2
"PUERTO CASADO, PA",2014/8/14,0,15.9
"PUERTO CASADO, PA",2014/8/15,,21.4
"PUERTO CASADO, PA",2014/8/16,,24.1
"PUERTO CASADO, PA",2014/8/17,,24
"PUERTO CASADO, PA",2014/8/18,,23.1
"PUERTO CASADO, PA",2014/8/19,,25.1
"PUERTO CASADO, PA",2014/8/20,,26.7
"PUERTO CASADO, PA",2014/8/21,,26.4
"PUERTO CASADO, PA",2014/8/22,,27.4
"PUERTO CASADO, PA",2014/8/23,,27.6
"PUERTO CASADO, PA",2014/8/24,,27.9
"PUERTO CASADO, PA",2014/8/25,,22.9
"PUERTO CASADO, PA",2014/8/26,,17
"PUERTO CASADO, PA",2014/8/27,,18.1
"PUERTO CASADO, PA",2014/8/28,,19.3
"PUERTO CASADO, PA",2014/8/29,,22
"PUERTO CASADO, PA",2014/8/30,,26.4
"PUERTO CASADO, PA",2014/8/31,,30
"PUERTO CASADO, PA",2014/9/1,,29.7
"PUERTO CASADO, PA",2014/9/2,,29.8
"PUERTO CASADO, PA",2014/9/3,,30.3
"PUERTO CASADO, PA",2014/9/4,,31
"PUERTO CASADO, PA",2014/9/5,,29.8
"PUERTO CASADO, PA",2014/9/6,,29.9
"PUERTO CASADO, PA",2014/9/7,11.4,26.6
"PUERTO CASADO, PA",2014/9/8,0,26.1
"PUERTO CASADO, PA",2014/9/9,,29.8
"PUERTO CASADO, PA",2014/9/10,,30.5
"PUERTO CASADO, PA",2014/9/11,,22.3
"PUERTO CASADO, PA",2014/9/12,,21.4
"PUERTO CASADO, PA",2014/9/13,,27.4
"PUERTO CASADO, PA",2014/9/14,,28.7
"PUERTO CASADO, PA",2014/9/15,17.3,22.4
"PUERTO CASADO, PA",2014/9/16,0,20.9
"PUERTO CASADO, PA",2014/9/17,,24.2
"PUERTO CASADO, PA",2014/9/18,,28.4
"PUERTO CASADO, PA",2014/9/19,1.3,26.6
"PUERTO CASADO, PA",2014/9/20,0,24.6
"PUERTO CASADO, PA",2014/9/21,,23
"PUERTO CASADO, PA",2014/9/22,,23.8
"PUERTO CASADO, PA",2014/9/23,,28.1
"PUERTO CASADO, PA",2014/9/24,,30.1
"PUERTO CASADO, PA",2014/9/25,,29.1
"PUERTO CASADO, PA",2014/9/26,,29.7
"PUERTO CASADO, PA",2014/9/27,20.1,25.5
"PUERTO CASADO, PA",2014/9/28,1,28.2
"PUERTO CASADO, PA",2014/9/29,0,30.8
"PUERTO CASADO, PA",2014/9/30,,31.2
"PUERTO CASADO, PA",2014/10/1,,29.7
"PUERTO CASADO, PA",2014/10/2,,27.1
"PUERTO CASADO, PA",2014/10/3,,27.8
"PUERTO CASADO, PA",2014/10/4,,29.2
"PUERTO CASADO, PA",2014/10/5,,29.8
"PUERTO CASADO, PA",2014/10/6,,30.2
"PUERTO CASADO, PA",2014/10/7,,28.9
"PUERTO CASADO, PA",2014/10/8,,31.5
"PUERTO CASADO, PA",2014/10/9,,31.8
"PUERTO CASADO, PA",2014/10/10,,32.1
"PUERTO CASADO, PA",2014/10/11,,25.8
"PUERTO CASADO, PA",2014/10/12,,26.9
"PUERTO CASADO, PA",2014/10/13,,31.5
"PUERTO CASADO, PA",2014/10/14,,32.3
"PUERTO CASADO, PA",2014/10/15,,33.8
"PUERTO CASADO, PA",2014/10/16,,34.5
"PUERTO CASADO, PA",2014/10/17,,34.8
"PUERTO CASADO, PA",2014/10/18,,34.4
"PUERTO CASADO, PA",2014/10/19,,33.3
"PUERTO CASADO, PA",2014/10/21,,28.7
"PUERTO CASADO, PA",2014/10/22,,28.8
"PUERTO CASADO, PA",2014/10/23,,29.1
"PUERTO CASADO, PA",2014/10/24,,27.1
"PUERTO CASADO, PA",2014/10/25,,27.6
"PUERTO CASADO, PA",2014/10/26,,28.9
"PUERTO CASADO, PA",2014/10/27,,30.8
"PUERTO CASADO, PA",2014/10/28,,31.6
"PUERTO CASADO, PA",2014/10/29,,31.3
"PUERTO CASADO, PA",2014/10/30,,30.7
"PUERTO CASADO, PA",2014/10/31,28.4,29.5
"PUERTO CASADO, PA",2014/11/1,0,27.9
"PUERTO CASADO, PA",2014/11/2,35.3,27.6
"PUERTO CASADO, PA",2014/11/3,0,30.1
"PUERTO CASADO, PA",2014/11/4,,26.9
"PUERTO CASADO, PA",2014/11/5,0.3,23.7
"PUERTO CASADO, PA",2014/11/6,0,30.5
"PUERTO CASADO, PA",2014/11/7,,31.8
"PUERTO CASADO, PA",2014/11/8,30.5,27.2
"PUERTO CASADO, PA",2014/11/9,0,29
"PUERTO CASADO, PA",2014/11/10,,30.3
"PUERTO CASADO, PA",2014/11/11,,30.9
"PUERTO CASADO, PA",2014/11/13,75.2,26.8
"PUERTO CASADO, PA",2014/11/14,0,24.8
"PUERTO CASADO, PA",2014/11/15,,23.9
"PUERTO CASADO, PA",2014/11/16,,25.9
"PUERTO CASADO, PA",2014/11/17,,27.4
"PUERTO CASADO, PA",2014/11/18,,28.8
"PUERTO CASADO, PA",2014/11/19,,28.9
"PUERTO CASADO, PA",2014/11/20,7.6,24.5
"PUERTO CASADO, PA",2014/11/21,0.8,27.7
"PUERTO CASADO, PA",2014/11/22,137.4,24.1
"PUERTO CASADO, PA",2014/11/23,5.3,25.4
"PUERTO CASADO, PA",2014/11/24,0,28.3
"PUERTO CASADO, PA",2014/11/25,,26.6
"PUERTO CASADO, PA",2014/11/26,18.3,25.3
"PUERTO CASADO, PA",2014/11/27,0,28.6
"PUERTO CASADO, PA",2014/11/28,,29.3
"PUERTO CASADO, PA",2014/11/29,,28.9
"PUERTO CASADO, PA",2014/11/30,,30.2
"PUERTO CASADO, PA",2014/12/1,,24.6
"PUERTO CASADO, PA",2014/12/2,,20.1
"PUERTO CASADO, PA",2014/12/3,,23.4
"PUERTO CASADO, PA",2014/12/4,,25.6
"PUERTO CASADO, PA",2014/12/5,,27.5
"PUERTO CASADO, PA",2014/12/6,,30.7
"PUERTO CASADO, PA",2014/12/7,,30.2
"PUERTO CASADO, PA",2014/12/8,,29.4
"PUERTO CASADO, PA",2014/12/9,1.3,28.7
"PUERTO CASADO, PA",2014/12/10,0,30.3
"PUERTO CASADO, PA",2014/12/11,2.3,30.3
"PUERTO CASADO, PA",2014/12/12,0,30.6
"PUERTO CASADO, PA",2014/12/13,,29.1
"PUERTO CASADO, PA",2014/12/14,,30.8
"PUERTO CASADO, PA",2014/12/15,0.5,30.6
"PUERTO CASADO, PA",2014/12/16,0,32.4
"PUERTO CASADO, PA",2014/12/17,,29.4
"PUERTO CASADO, PA",2014/12/18,14,25.3
"PUERTO CASADO, PA",2014/12/19,0,29.2
"PUERTO CASADO, PA",2014/12/20,,29.8
"PUERTO CASADO, PA",2014/12/21,,28.6
"PUERTO CASADO, PA",2014/12/22,37.8,24.3
"PUERTO CASADO, PA",2014/12/23,0,25.7
"PUERTO CASADO, PA",2014/12/24,,27.4
"PUERTO CASADO, PA",2014/12/25,,29.3
"PUERTO CASADO, PA",2014/12/26,1,31.1
"PUERTO CASADO, PA",2014/12/27,0,30.5
"PUERTO CASADO, PA",2014/12/28,,30.7
"PUERTO CASADO, PA",2014/12/29,,32.6
"PUERTO CASADO, PA",2014/12/30,,32.4
"PUERTO CASADO, PA",2014/12/31,,32.9
"PUERTO CASADO, PA",2015/1/1,,33.7
"PUERTO CASADO, PA",2015/1/2,8.6,26.3
"PUERTO CASADO, PA",2015/1/3,16.5,24.9
"PUERTO CASADO, PA",2015/1/4,0,28.6
"PUERTO CASADO, PA",2015/1/5,20.3,28.1
"PUERTO CASADO, PA",2015/1/6,0,32.7
"PUERTO CASADO, PA",2015/1/7,,31.1
"PUERTO CASADO, PA",2015/1/8,,31.7
"PUERTO CASADO, PA",2015/1/9,,32.6
"PUERTO CASADO, PA",2015/1/10,,32.9
"PUERTO CASADO, PA",2015/1/11,,33
"PUERTO CASADO, PA",2015/1/12,,32.8
"PUERTO CASADO, PA",2015/1/13,,32.5
"PUERTO CASADO, PA",2015/1/14,,32.7
"PUERTO CASADO, PA",2015/1/15,,32.3
"PUERTO CASADO, PA",2015/1/16,1,32.3
"PUERTO CASADO, PA",2015/1/17,0,31.8
"PUERTO CASADO, PA",2015/1/18,,31.5
"PUERTO CASADO, PA",2015/1/19,,32.3
"PUERTO CASADO, PA",2015/1/20,,32.4
"PUERTO CASADO, PA",2015/1/21,4.1,28.7
"PUERTO CASADO, PA",2015/1/22,0,30.1
"PUERTO CASADO, PA",2015/1/23,,31.7
"PUERTO CASADO, PA",2015/1/24,44.2,27.5
"PUERTO CASADO, PA",2015/1/25,17.5,23.2
"PUERTO CASADO, PA",2015/1/26,33.3,27.7
"PUERTO CASADO, PA",2015/1/27,0,26.9
"PUERTO CASADO, PA",2015/1/28,11.9,27.1
"PUERTO CASADO, PA",2015/1/29,0,28.3
"PUERTO CASADO, PA",2015/1/30,,28.3
"PUERTO CASADO, PA",2015/1/31,,29.7
"PUERTO CASADO, PA",2015/2/1,,30.8
"PUERTO CASADO, PA",2015/2/2,,29.8
"PUERTO CASADO, PA",2015/2/3,,32.2
"PUERTO CASADO, PA",2015/2/4,,30.9
"PUERTO CASADO, PA",2015/2/5,1.5,27.5
"PUERTO CASADO, PA",2015/2/6,4.1,28.7
"PUERTO CASADO, PA",2015/2/7,0,29.1
"PUERTO CASADO, PA",2015/2/8,,30.2
"PUERTO CASADO, PA",2015/2/9,,31.1
"PUERTO CASADO, PA",2015/2/10,,30.8
"PUERTO CASADO, PA",2015/2/11,,30
"PUERTO CASADO, PA",2015/2/12,,29.4
"PUERTO CASADO, PA",2015/2/13,,27.4
"PUERTO CASADO, PA",2015/2/19,6.6,26.1
"PUERTO CASADO, PA",2015/2/20,4.3,25
"PUERTO CASADO, PA",2015/2/22,8.1,27.1
"PUERTO CASADO, PA",2015/2/23,0,27.2
"PUERTO CASADO, PA",2015/3/10,,28.3
"PUERTO CASADO, PA",2015/3/11,,28.1
"PUERTO CASADO, PA",2015/3/12,,27.9
"PUERTO CASADO, PA",2015/3/13,,27.5
"PUERTO CASADO, PA",2015/3/14,,29.3
"PUERTO CASADO, PA",2015/3/15,,27.8
"PUERTO CASADO, PA",2015/3/16,,28.4
"PUERTO CASADO, PA",2015/3/17,,29.7
"PUERTO CASADO, PA",2015/3/18,,29.1
"PUERTO CASADO, PA",2015/3/20,,29.2
"PUERTO CASADO, PA",2015/3/21,,28.4
"PUERTO CASADO, PA",2015/3/22,,25.3
"PUERTO CASADO, PA",2015/3/23,,25.6
"PUERTO CASADO, PA",2015/3/24,,24.1
"PUERTO CASADO, PA",2015/3/25,,27.7
"PUERTO CASADO, PA",2015/3/26,,27.1
"PUERTO CASADO, PA",2015/3/27,1.5,22.8
"PUERTO CASADO, PA",2015/3/28,0,22.3
"PUERTO CASADO, PA",2015/3/29,,23.5
"PUERTO CASADO, PA",2015/3/30,,25.1
"PUERTO CASADO, PA",2015/3/31,0.8,24
"PUERTO CASADO, PA",2015/4/1,8.9,24.8
"PUERTO CASADO, PA",2015/4/2,0,25.8
"PUERTO CASADO, PA",2015/4/3,,28.6
"PUERTO CASADO, PA",2015/4/4,,29.6
"PUERTO CASADO, PA",2015/4/5,7.9,25.8
"PUERTO CASADO, PA",2015/4/6,0,25.5
"PUERTO CASADO, PA",2015/4/7,,22.9
"PUERTO CASADO, PA",2015/4/8,,26.3
"PUERTO CASADO, PA",2015/4/9,,27.8
"PUERTO CASADO, PA",2015/4/10,,28.3
"PUERTO CASADO, PA",2015/4/11,,28
"PUERTO CASADO, PA",2015/4/13,2,27.8
"PUERTO CASADO, PA",2015/4/14,0,28.8
"PUERTO CASADO, PA",2015/4/15,,26.9
"PUERTO CASADO, PA",2015/4/16,,25.8
"PUERTO CASADO, PA",2015/4/17,,28.4
"PUERTO CASADO, PA",2015/4/18,74.7,24.2
"PUERTO CASADO, PA",2015/4/19,0,25.3
"PUERTO CASADO, PA",2015/4/20,,27.9
"PUERTO CASADO, PA",2015/4/21,,27.2
"PUERTO CASADO, PA",2015/4/22,1.5,26
"PUERTO CASADO, PA",2015/4/27,,27.8
"PUERTO CASADO, PA",2015/4/28,,25.8
"PUERTO CASADO, PA",2015/4/29,,26.1
"PUERTO CASADO, PA",2015/4/30,,25.8
"PUERTO CASADO, PA",2015/5/1,,26.9
"PUERTO CASADO, PA",2015/5/2,,27.6
"PUERTO CASADO, PA",2015/5/3,,25.9
"PUERTO CASADO, PA",2015/5/4,10.7,21.2
"PUERTO CASADO, PA",2015/5/5,0,20.8
"PUERTO CASADO, PA",2015/5/6,,22.1
"PUERTO CASADO, PA",2015/5/7,,20.6
"PUERTO CASADO, PA",2015/5/8,,21.1
"PUERTO CASADO, PA",2015/5/9,0.3,26.3
"PUERTO CASADO, PA",2015/5/10,44.2,24.2
"PUERTO CASADO, PA",2015/5/11,4.1,20.9
"PUERTO CASADO, PA",2015/5/12,0,18.3
"PUERTO CASADO, PA",2015/5/13,,18.7
"PUERTO CASADO, PA",2015/5/14,1,21.4
"PUERTO CASADO, PA",2015/5/15,3.8,22.8
"PUERTO CASADO, PA",2015/5/16,0.5,24.3
"PUERTO CASADO, PA",2015/5/17,0,23.7
"PUERTO CASADO, PA",2015/5/18,0.5,22.5
"PUERTO CASADO, PA",2015/5/19,3.6,22.3
"PUERTO CASADO, PA",2015/5/20,0,23.4
"PUERTO CASADO, PA",2015/5/21,,24.4
"PUERTO CASADO, PA",2015/5/22,18,24.3
"PUERTO CASADO, PA",2015/5/23,0,27.3
"PUERTO CASADO, PA",2015/5/24,,27.1
"PUERTO CASADO, PA",2015/5/25,43.9,24.6
"PUERTO CASADO, PA",2015/5/26,2.5,24.6
"PUERTO CASADO, PA",2015/5/27,98.3,20.4
"PUERTO CASADO, PA",2015/5/28,2,19.7
"PUERTO CASADO, PA",2015/5/29,0,18.3
"PUERTO CASADO, PA",2015/5/30,3.3,18.6
"PUERTO CASADO, PA",2015/5/31,5.8,18.9
"PUERTO CASADO, PA",2015/6/1,1.5,19.1
"PUERTO CASADO, PA",2015/6/2,23.1,21.3
"PUERTO CASADO, PA",2015/6/3,0,24.3
"PUERTO CASADO, PA",2015/6/4,,26.1
"PUERTO CASADO, PA",2015/6/5,,26.6
"PUERTO CASADO, PA",2015/6/6,,25.1
"PUERTO CASADO, PA",2015/6/7,,25.2
"PUERTO CASADO, PA",2015/6/8,,25.6
"PUERTO CASADO, PA",2015/6/9,,25.9
"PUERTO CASADO, PA",2015/6/10,,25.8
"PUERTO CASADO, PA",2015/6/11,,25.8
"PUERTO CASADO, PA",2015/6/12,5.1,21.6
"PUERTO CASADO, PA",2015/6/13,5.3,21.5
"PUERTO CASADO, PA",2015/6/14,0.3,24.6
"PUERTO CASADO, PA",2015/6/15,1.3,17.4
"PUERTO CASADO, PA",2015/6/16,0,14.8
"PUERTO CASADO, PA",2015/6/17,,21.5
"PUERTO CASADO, PA",2015/6/18,10.4,19.1
"PUERTO CASADO, PA",2015/6/19,0,13.9
"PUERTO CASADO, PA",2015/6/20,,15.2
"PUERTO CASADO, PA",2015/6/21,,20.5
"PUERTO CASADO, PA",2015/6/22,,24.4
"PUERTO CASADO, PA",2015/6/23,,22.9
"PUERTO CASADO, PA",2015/6/24,0.8,20.6
"PUERTO CASADO, PA",2015/6/25,0,22.6
"PUERTO CASADO, PA",2015/6/26,,24.3
"PUERTO CASADO, PA",2015/6/27,,24.6
"PUERTO CASADO, PA",2015/6/28,,24.6
"PUERTO CASADO, PA",2015/6/29,,25
"PUERTO CASADO, PA",2015/6/30,6.9,23.5
"PUERTO CASADO, PA",2015/7/1,7.1,21.1
"PUERTO CASADO, PA",2015/7/2,0,21.8
"PUERTO CASADO, PA",2015/7/3,30.5,21.1
"PUERTO CASADO, PA",2015/7/4,14.2,14.4
"PUERTO CASADO, PA",2015/7/5,0,13.5
"PUERTO CASADO, PA",2015/7/6,,18.3
"PUERTO CASADO, PA",2015/7/7,3.3,18.5
"PUERTO CASADO, PA",2015/7/8,17.3,16.9
"PUERTO CASADO, PA",2015/7/9,0,19.1
"PUERTO CASADO, PA",2015/7/10,,22.9
"PUERTO CASADO, PA",2015/7/11,7.9,25.6
"PUERTO CASADO, PA",2015/7/12,9.1,25.4
"PUERTO CASADO, PA",2015/7/13,0,27.1
"PUERTO CASADO, PA",2015/7/14,19.6,22.3
"PUERTO CASADO, PA",2015/7/15,38.6,15.7
"PUERTO CASADO, PA",2015/7/16,0.5,16.9
"PUERTO CASADO, PA",2015/7/17,1.5,19.2
"PUERTO CASADO, PA",2015/7/18,0,21.6
"PUERTO CASADO, PA",2015/7/19,,23.7
"PUERTO CASADO, PA",2015/7/20,,22.6
"PUERTO CASADO, PA",2015/7/21,,17.1
"PUERTO CASADO, PA",2015/7/22,,14.6
"PUERTO CASADO, PA",2015/7/23,,16.9
"PUERTO CASADO, PA",2015/7/24,1,17.6
"PUERTO CASADO, PA",2015/7/25,0,16.7
"PUERTO CASADO, PA",2015/7/26,,19.1
"PUERTO CASADO, PA",2015/7/27,,23.5
"PUERTO CASADO, PA",2015/7/28,,25.4
"PUERTO CASADO, PA",2015/7/29,,25.8
"PUERTO CASADO, PA",2015/7/30,,26.3
"PUERTO CASADO, PA",2015/7/31,,25.9
"PUERTO CASADO, PA",2015/8/1,,25.3
"PUERTO CASADO, PA",2015/8/2,,26
"PUERTO CASADO, PA",2015/8/3,,25.4
"PUERTO CASADO, PA",2015/8/4,,27
"PUERTO CASADO, PA",2015/8/5,,27
"PUERTO CASADO, PA",2015/8/6,,27.4
"PUERTO CASADO, PA",2015/8/7,,29.3
"PUERTO CASADO, PA",2015/8/8,,29.9
"PUERTO CASADO, PA",2015/8/9,,29.9
"PUERTO CASADO, PA",2015/8/10,,26.3
"PUERTO CASADO, PA",2015/8/11,2.8,25.6
"PUERTO CASADO, PA",2015/8/12,0,25.6
"PUERTO CASADO, PA",2015/8/13,,24.1
"PUERTO CASADO, PA",2015/8/14,,21.4
"PUERTO CASADO, PA",2015/8/15,,20.4
"PUERTO CASADO, PA",2015/8/16,,23.3
"PUERTO CASADO, PA",2015/8/17,,23.8
"PUERTO CASADO, PA",2015/8/18,,21
"PUERTO CASADO, PA",2015/8/19,7.9,18.1
"PUERTO CASADO, PA",2015/8/20,0,19.4
"PUERTO CASADO, PA",2015/8/21,,21.5
"PUERTO CASADO, PA",2015/8/22,,26.2
"PUERTO CASADO, PA",2015/8/23,,26.8
"PUERTO CASADO, PA",2015/8/24,,22.6
"PUERTO CASADO, PA",2015/8/25,,23.6
"PUERTO CASADO, PA",2015/8/26,,26.2
"PUERTO CASADO, PA",2015/8/27,10.2,26.4
"PUERTO CASADO, PA",2015/8/28,0,22.1
"PUERTO CASADO, PA",2015/8/29,,25.4
"PUERTO CASADO, PA",2015/8/30,,27.4
"PUERTO CASADO, PA",2015/8/31,,28.6
"PUERTO CASADO, PA",2015/9/1,,30
"PUERTO CASADO, PA",2015/9/2,,25.9
"PUERTO CASADO, PA",2015/9/3,,23.6
"PUERTO CASADO, PA",2015/9/4,,22.9
"PUERTO CASADO, PA",2015/9/5,,22.6
"PUERTO CASADO, PA",2015/9/6,,21.4
"PUERTO CASADO, PA",2015/9/7,,25.1
"PUERTO CASADO, PA",2015/9/8,23.4,25.9
"PUERTO CASADO, PA",2015/9/9,2.8,24.1
"PUERTO CASADO, PA",2015/9/10,3.3,25.3
"PUERTO CASADO, PA",2015/9/11,6.1,17.4
"PUERTO CASADO, PA",2015/9/12,6.4,14.3
"PUERTO CASADO, PA",2015/9/13,0,16.7
"PUERTO CASADO, PA",2015/9/14,,22.2
"PUERTO CASADO, PA",2015/9/15,,26.3
"PUERTO CASADO, PA",2015/9/16,,31
"PUERTO CASADO, PA",2015/9/17,,32.4
"PUERTO CASADO, PA",2015/9/18,,31.8
"PUERTO CASADO, PA",2015/9/19,,31.6
"PUERTO CASADO, PA",2015/9/20,,31
"PUERTO CASADO, PA",2015/9/21,,31.6
"PUERTO CASADO, PA",2015/9/22,,31.9
"PUERTO CASADO, PA",2015/9/23,,32
"PUERTO CASADO, PA",2015/9/24,,32.5
"PUERTO CASADO, PA",2015/9/25,,27.7
"PUERTO CASADO, PA",2015/9/26,,23.2
"PUERTO CASADO, PA",2015/9/27,4.3,21.2
"PUERTO CASADO, PA",2015/9/28,9.4,21
"PUERTO CASADO, PA",2015/9/29,0,26.8
"PUERTO CASADO, PA",2015/9/30,47.5,24.7
"PUERTO CASADO, PA",2015/10/1,1,25.4
"PUERTO CASADO, PA",2015/10/2,0,28.1
"PUERTO CASADO, PA",2015/10/3,14.5,22.2
"PUERTO CASADO, PA",2015/10/4,15.7,19
"PUERTO CASADO, PA",2015/10/5,0,25.7
"PUERTO CASADO, PA",2015/10/6,,28.6
"PUERTO CASADO, PA",2015/10/7,,30
"PUERTO CASADO, PA",2015/10/8,,29.9
"PUERTO CASADO, PA",2015/10/9,,22.7
"PUERTO CASADO, PA",2015/10/10,1.5,18.3
"PUERTO CASADO, PA",2015/10/16,,30.3
"PUERTO CASADO, PA",2015/10/17,28.7,23.9
"PUERTO CASADO, PA",2015/10/18,0,23.9
"PUERTO CASADO, PA",2015/10/19,,28.1
"PUERTO CASADO, PA",2015/10/20,,31.8
"PUERTO CASADO, PA",2015/10/21,,31.8
"PUERTO CASADO, PA",2015/10/22,,32.4
"PUERTO CASADO, PA",2015/10/23,,28.3
"PUERTO CASADO, PA",2015/10/24,,29.5
"PUERTO CASADO, PA",2015/10/25,,31.4
"PUERTO CASADO, PA",2015/10/26,65.3,29.7
"PUERTO CASADO, PA",2015/10/27,0.5,25.9
"PUERTO CASADO, PA",2015/10/28,0.5,25.2
"PUERTO CASADO, PA",2015/10/29,0,28.6
"PUERTO CASADO, PA",2015/10/30,,27.7
"PUERTO CASADO, PA",2015/10/31,36.1,22.7
"PUERTO CASADO, PA",2015/11/1,0,25.3
"PUERTO CASADO, PA",2015/11/2,8.4,24.3
"PUERTO CASADO, PA",2015/11/3,14.7,23.7
"PUERTO CASADO, PA",2015/11/4,20.3,24.4
"PUERTO CASADO, PA",2015/11/5,1.5,23.3
"PUERTO CASADO, PA",2015/11/6,0,24.3
"PUERTO CASADO, PA",2015/11/7,,25
"PUERTO CASADO, PA",2015/11/8,25.4,28.2
"PUERTO CASADO, PA",2015/11/9,0,29.5
"PUERTO CASADO, PA",2015/11/10,,30.8
"PUERTO CASADO, PA",2015/11/11,,30.9
"PUERTO CASADO, PA",2015/11/12,,30.4
"PUERTO CASADO, PA",2015/11/13,,31.7
"PUERTO CASADO, PA",2015/11/14,,30.3
"PUERTO CASADO, PA",2015/11/15,,29.6
"PUERTO CASADO, PA",2015/11/16,,29.8
"PUERTO CASADO, PA",2015/11/17,,30.5
"PUERTO CASADO, PA",2015/11/18,4.3,27.9
"PUERTO CASADO, PA",2015/11/19,3.3,28.8
"PUERTO CASADO, PA",2015/11/20,40.4,23.2
"PUERTO CASADO, PA",2015/11/21,1,22.7
"PUERTO CASADO, PA",2015/11/22,0,28.3
"PUERTO CASADO, PA",2015/11/23,,30.2
"PUERTO CASADO, PA",2015/11/24,,31.2
"PUERTO CASADO, PA",2015/11/25,,32.4
"PUERTO CASADO, PA",2015/11/26,2.3,28.8
"PUERTO CASADO, PA",2015/11/27,0,30.2
"PUERTO CASADO, PA",2015/11/28,,27.7
"PUERTO CASADO, PA",2015/11/29,17,23.9
"PUERTO CASADO, PA",2015/11/30,36.8,23.4
"PUERTO CASADO, PA",2015/12/1,1.3,26.5
"PUERTO CASADO, PA",2015/12/2,30.5,28.4
"PUERTO CASADO, PA",2015/12/3,61.5,27.3
"PUERTO CASADO, PA",2015/12/4,0,30.6
"PUERTO CASADO, PA",2015/12/5,1.5,24.3
"PUERTO CASADO, PA",2015/12/6,32.8,25
"PUERTO CASADO, PA",2015/12/7,0,26.6
"PUERTO CASADO, PA",2015/12/8,,29.3
"PUERTO CASADO, PA",2015/12/9,,30.7
"PUERTO CASADO, PA",2015/12/10,63.5,26.2
"PUERTO CASADO, PA",2015/12/11,0,28.5
"PUERTO CASADO, PA",2015/12/12,,28.9
"PUERTO CASADO, PA",2015/12/13,,28.1
"PUERTO CASADO, PA",2015/12/14,,32.2
"PUERTO CASADO, PA",2015/12/15,70.4,28.9
"PUERTO CASADO, PA",2015/12/16,10.4,28.4
"PUERTO CASADO, PA",2015/12/17,0,30.4
"PUERTO CASADO, PA",2015/12/18,,30.4
"PUERTO CASADO, PA",2015/12/19,4.3,28.4
"PUERTO CASADO, PA",2015/12/20,29,24.8
"PUERTO CASADO, PA",2015/12/21,0,29.1
"PUERTO CASADO, PA",2015/12/22,,30.7
"PUERTO CASADO, PA",2015/12/23,,30.2
"PUERTO CASADO, PA",2015/12/24,,29.1
"PUERTO CASADO, PA",2015/12/25,,26.7
"PUERTO CASADO, PA",2015/12/26,,28.3
"PUERTO CASADO, PA",2015/12/27,,30.2
"PUERTO CASADO, PA",2015/12/28,,31.6
"PUERTO CASADO, PA",2015/12/29,17.8,30.6
"PUERTO CASADO, PA",2015/12/30,0,30.8
"PUERTO CASADO, PA",2015/12/31,,30.9
"PUERTO CASADO, PA",2016/1/1,33.5,29.3
"PUERTO CASADO, PA",2016/1/2,,29.1
"PUERTO CASADO, PA",2016/1/3,1.5,28.6
"PUERTO CASADO, PA",2016/1/4,19.3,29.4
"PUERTO CASADO, PA",2016/1/5,0,31.6
"PUERTO CASADO, PA",2016/1/6,82.3,25.4
"PUERTO CASADO, PA",2016/1/7,0,28.9
"PUERTO CASADO, PA",2016/1/8,,30.2
"PUERTO CASADO, PA",2016/1/9,4.8,26.2
"PUERTO CASADO, PA",2016/1/10,5.6,27.4
"PUERTO CASADO, PA",2016/1/11,0.3,28.6
"PUERTO CASADO, PA",2016/1/12,0,29.2
"PUERTO CASADO, PA",2016/1/13,,29.8
"PUERTO CASADO, PA",2016/1/14,9.4,27.3
"PUERTO CASADO, PA",2016/1/15,7.4,27.8
"PUERTO CASADO, PA",2016/1/16,0,29.2
"PUERTO CASADO, PA",2016/1/17,,30.8
"PUERTO CASADO, PA",2016/1/18,,31.4
"PUERTO CASADO, PA",2016/1/19,,30.4
"PUERTO CASADO, PA",2016/1/20,,30.1
"PUERTO CASADO, PA",2016/1/21,,30.1
"PUERTO CASADO, PA",2016/1/22,,29.7
"PUERTO CASADO, PA",2016/1/23,,29.8
"PUERTO CASADO, PA",2016/1/24,,30.4
"PUERTO CASADO, PA",2016/1/25,,31.1
"PUERTO CASADO, PA",2016/1/26,,31.5
"PUERTO CASADO, PA",2016/1/27,50,25.2
"PUERTO CASADO, PA",2016/1/28,0,27.6
"PUERTO CASADO, PA",2016/1/29,,29.8
"PUERTO CASADO, PA",2016/1/30,,27.7
"PUERTO CASADO, PA",2016/1/31,66.8,25.8
"PUERTO CASADO, PA",2016/2/1,78.2,23.5
"PUERTO CASADO, PA",2016/2/2,34,23.9
"PUERTO CASADO, PA",2016/2/3,25.9,23.6
"PUERTO CASADO, PA",2016/2/4,13.5,25.6
"PUERTO CASADO, PA",2016/2/5,3.6,27.6
"PUERTO CASADO, PA",2016/2/6,26.4,26.8
"PUERTO CASADO, PA",2016/2/7,1.3,29.4
"PUERTO CASADO, PA",2016/2/8,0,30.4
"PUERTO CASADO, PA",2016/2/9,,30.9
"PUERTO CASADO, PA",2016/2/10,,30.4
"PUERTO CASADO, PA",2016/2/11,0.5,29.6
"PUERTO CASADO, PA",2016/2/12,0,30.8
"PUERTO CASADO, PA",2016/2/13,,31.1
"PUERTO CASADO, PA",2016/2/14,,30.3
"PUERTO CASADO, PA",2016/2/15,,29.8
"PUERTO CASADO, PA",2016/2/16,,30.5
"PUERTO CASADO, PA",2016/2/17,,30.8
"PUERTO CASADO, PA",2016/2/18,,30.8
"PUERTO CASADO, PA",2016/2/19,,31.4
"PUERTO CASADO, PA",2016/2/20,,31
"PUERTO CASADO, PA",2016/2/21,7.4,27.4
"PUERTO CASADO, PA",2016/2/22,2.3,26.1
"PUERTO CASADO, PA",2016/2/23,82,25.7
"PUERTO CASADO, PA",2016/2/24,69.9,26.9
"PUERTO CASADO, PA",2016/2/25,0,26.9
"PUERTO CASADO, PA",2016/2/26,,29
"PUERTO CASADO, PA",2016/2/27,,27.9
"PUERTO CASADO, PA",2016/2/28,50.3,25.8
"PUERTO CASADO, PA",2016/2/29,3.6,26.3
"PUERTO CASADO, PA",2016/3/1,54.1,26.2
"PUERTO CASADO, PA",2016/3/2,20.3,26.2
"PUERTO CASADO, PA",2016/3/3,0,26.7
"PUERTO CASADO, PA",2016/3/4,,26.1
"PUERTO CASADO, PA",2016/3/5,,26.8
"PUERTO CASADO, PA",2016/3/6,,27.6
"PUERTO CASADO, PA",2016/3/7,,27.1
"PUERTO CASADO, PA",2016/3/8,,27.6
"PUERTO CASADO, PA",2016/3/9,3.3,26.7
"PUERTO CASADO, PA",2016/3/10,97.3,24.9
"PUERTO CASADO, PA",2016/3/11,0,25
"PUERTO CASADO, PA",2016/3/12,,23.5
"PUERTO CASADO, PA",2016/3/13,,23.5
"PUERTO CASADO, PA",2016/3/14,,24.8
"PUERTO CASADO, PA",2016/3/15,,28
"PUERTO CASADO, PA",2016/3/16,,29.6
"PUERTO CASADO, PA",2016/3/17,,30.5
"PUERTO CASADO, PA",2016/3/18,,30.3
"PUERTO CASADO, PA",2016/3/19,,28.8
"PUERTO CASADO, PA",2016/3/20,,27.9
"PUERTO CASADO, PA",2016/3/21,,28.2
"PUERTO CASADO, PA",2016/3/22,,27.2
"PUERTO CASADO, PA",2016/3/23,,28.7
"PUERTO CASADO, PA",2016/3/24,,24.7
"PUERTO CASADO, PA",2016/3/25,51.8,22.9
"PUERTO CASADO, PA",2016/3/26,0,23
"PUERTO CASADO, PA",2016/3/27,,23.1
"PUERTO CASADO, PA",2016/3/28,,23.8
"PUERTO CASADO, PA",2016/3/29,,25.8
"PUERTO CASADO, PA",2016/3/30,,28.5
"PUERTO CASADO, PA",2016/3/31,,28.6
"PUERTO CASADO, PA",2016/4/1,,27.6
"PUERTO CASADO, PA",2016/4/2,,29.6
"PUERTO CASADO, PA",2016/4/3,,29.9
"PUERTO CASADO, PA",2016/4/4,,29.8
"PUERTO CASADO, PA",2016/4/5,,30.6
"PUERTO CASADO, PA",2016/4/6,,30.1
"PUERTO CASADO, PA",2016/4/7,,30.3
"PUERTO CASADO, PA",2016/4/8,,32.9
"PUERTO CASADO, PA",2016/4/10,5.1,26.8
"PUERTO CASADO, PA",2016/4/11,0,26.8
"PUERTO CASADO, PA",2016/4/12,,27.9
"PUERTO CASADO, PA",2016/4/13,15.5,24.8
"PUERTO CASADO, PA",2016/4/14,0,28.8
"PUERTO CASADO, PA",2016/4/15,,27.7
"PUERTO CASADO, PA",2016/4/16,,29.3
"PUERTO CASADO, PA",2016/4/17,,30.8
"PUERTO CASADO, PA",2016/4/18,,30
"PUERTO CASADO, PA",2016/4/19,,27.3
"PUERTO CASADO, PA",2016/4/20,,29.2
"PUERTO CASADO, PA",2016/4/22,3.3,25.4
"PUERTO CASADO, PA",2016/4/23,0,28.3
"PUERTO CASADO, PA",2016/4/24,,28.4
"PUERTO CASADO, PA",2016/4/25,,28.3
"PUERTO CASADO, PA",2016/4/26,38.6,15.8
"PUERTO CASADO, PA",2016/4/27,23.1,15.9
"PUERTO CASADO, PA",2016/4/28,0,12
"PUERTO CASADO, PA",2016/4/29,,13.4
"PUERTO CASADO, PA",2016/4/30,,15.9
"PUERTO CASADO, PA",2016/5/1,,17.1
"PUERTO CASADO, PA",2016/5/2,,17.8
"PUERTO CASADO, PA",2016/5/3,,21.7
"PUERTO CASADO, PA",2016/5/4,,21.2
"PUERTO CASADO, PA",2016/5/5,,23.6
"PUERTO CASADO, PA",2016/5/6,23.4,21.4
"PUERTO CASADO, PA",2016/5/7,41.7,21.2
"PUERTO CASADO, PA",2016/5/8,0,23.6
"PUERTO CASADO, PA",2016/5/9,17.5,22.3
"PUERTO CASADO, PA",2016/5/10,34.8,22.4
"PUERTO CASADO, PA",2016/5/11,0,21.8
"PUERTO CASADO, PA",2016/5/12,,21.4
"PUERTO CASADO, PA",2016/5/13,,20.8
"PUERTO CASADO, PA",2016/5/14,,22.2
"PUERTO CASADO, PA",2016/5/15,,25.8
"PUERTO CASADO, PA",2016/5/16,0.3,20.7
"PUERTO CASADO, PA",2016/5/17,0,15.9
"PUERTO CASADO, PA",2016/5/18,,16.6
"PUERTO CASADO, PA",2016/5/19,,15.7
"PUERTO CASADO, PA",2016/5/20,3.8,17.3
"PUERTO CASADO, PA",2016/5/21,6.4,18.9
"PUERTO CASADO, PA",2016/5/22,0,17.2
"PUERTO CASADO, PA",2016/5/23,,15.5
"PUERTO CASADO, PA",2016/5/24,,16.1
"PUERTO CASADO, PA",2016/5/25,,20.5
"PUERTO CASADO, PA",2016/5/26,,22.9
"PUERTO CASADO, PA",2016/5/27,15.5,19.1
"PUERTO CASADO, PA",2016/5/28,45.2,16.6
"PUERTO CASADO, PA",2016/5/29,58.7,16.1
"PUERTO CASADO, PA",2016/5/30,5.8,16
"PUERTO CASADO, PA",2016/5/31,7.1,17.3
"PUERTO CASADO, PA",2016/6/1,1.8,18.8
"PUERTO CASADO, PA",2016/6/2,0,18.4
"PUERTO CASADO, PA",2016/6/4,1.5,16.4
"PUERTO CASADO, PA",2016/6/5,6.1,17.8
"PUERTO CASADO, PA",2016/6/6,0,17.2
"PUERTO CASADO, PA",2016/6/7,,15.7
"PUERTO CASADO, PA",2016/6/8,,13.8
"PUERTO CASADO, PA",2016/6/9,,13.3
"PUERTO CASADO, PA",2016/6/10,,14.9
"PUERTO CASADO, PA",2016/6/11,,13.2
"PUERTO CASADO, PA",2016/6/12,,10.5
"PUERTO CASADO, PA",2016/6/13,,12.4
"PUERTO CASADO, PA",2016/6/14,,17.8
"PUERTO CASADO, PA",2016/6/15,,20.9
"PUERTO CASADO, PA",2016/6/16,,22.2
"PUERTO CASADO, PA",2016/6/17,,18.2
"PUERTO CASADO, PA",2016/6/18,5.3,15.9
"PUERTO CASADO, PA",2016/6/19,0,15.7
"PUERTO CASADO, PA",2016/6/20,20.6,13.7
"PUERTO CASADO, PA",2016/6/21,14,12.7
"PUERTO CASADO, PA",2016/6/22,0,14.6
"PUERTO CASADO, PA",2016/6/23,,15.9
"PUERTO CASADO, PA",2016/6/24,,21.8
"PUERTO CASADO, PA",2016/6/25,,22.7
"PUERTO CASADO, PA",2016/6/26,,17.7
"PUERTO CASADO, PA",2016/6/27,,14.1
"PUERTO CASADO, PA",2016/6/28,,14.8
"PUERTO CASADO, PA",2016/6/29,,19.7
"PUERTO CASADO, PA",2016/6/30,,23.8
"PUERTO CASADO, PA",2016/7/1,,23
"PUERTO CASADO, PA",2016/7/2,,23.5
"PUERTO CASADO, PA",2016/7/3,,25.8
"PUERTO CASADO, PA",2016/7/4,,23.6
"PUERTO CASADO, PA",2016/7/5,,19.7
"PUERTO CASADO, PA",2016/7/6,7.1,16.1
"PUERTO CASADO, PA",2016/7/7,0,14.3
"PUERTO CASADO, PA",2016/7/8,,18.4
"PUERTO CASADO, PA",2016/7/9,,22.9
"PUERTO CASADO, PA",2016/7/10,,25.4
"PUERTO CASADO, PA",2016/7/11,,26.6
"PUERTO CASADO, PA",2016/7/12,,26.6
"PUERTO CASADO, PA",2016/7/13,,24.7
"PUERTO CASADO, PA",2016/7/14,,27
"PUERTO CASADO, PA",2016/7/15,,23.9
"PUERTO CASADO, PA",2016/7/16,3.3,15.7
"PUERTO CASADO, PA",2016/7/17,0,12.2
"PUERTO CASADO, PA",2016/7/18,,13.6
"PUERTO CASADO, PA",2016/7/19,,13.3
"PUERTO CASADO, PA",2016/7/20,,14.1
"PUERTO CASADO, PA",2016/7/21,,14.6
"PUERTO CASADO, PA",2016/7/22,,16.2
"PUERTO CASADO, PA",2016/7/23,,19.4
"PUERTO CASADO, PA",2016/7/24,,22.7
"PUERTO CASADO, PA",2016/7/25,,24.6
"PUERTO CASADO, PA",2016/7/26,,23.6
"PUERTO CASADO, PA",2016/7/27,,18.1
"PUERTO CASADO, PA",2016/7/28,,15
"PUERTO CASADO, PA",2016/7/29,,18.2
"PUERTO CASADO, PA",2016/7/30,,25.3
"PUERTO CASADO, PA",2016/7/31,,26.6
"PUERTO CASADO, PA",2016/8/1,,23.4
"PUERTO CASADO, PA",2016/8/2,,22.6
"PUERTO CASADO, PA",2016/8/5,,25.2
"PUERTO CASADO, PA",2016/8/6,,26.2
"PUERTO CASADO, PA",2016/8/7,,21.9
"PUERTO CASADO, PA",2016/8/8,6.1,17.4
"PUERTO CASADO, PA",2016/8/9,37.6,17.1
"PUERTO CASADO, PA",2016/8/10,0,16.6
"PUERTO CASADO, PA",2016/8/11,,16.7
"PUERTO CASADO, PA",2016/8/12,,19.7
"PUERTO CASADO, PA",2016/8/13,,23.2
"PUERTO CASADO, PA",2016/8/14,,25.6
"PUERTO CASADO, PA",2016/8/15,,27.8
"PUERTO CASADO, PA",2016/8/16,,26.9
"PUERTO CASADO, PA",2016/8/17,,28.9
"PUERTO CASADO, PA",2016/8/18,,26.4
"PUERTO CASADO, PA",2016/8/19,3.3,25.2
"PUERTO CASADO, PA",2016/8/20,0.8,25.2
"PUERTO CASADO, PA",2016/8/21,0,17.3
"PUERTO CASADO, PA",2016/8/22,,14.4
"PUERTO CASADO, PA",2016/8/23,,16
"PUERTO CASADO, PA",2016/8/24,,18.6
"PUERTO CASADO, PA",2016/8/25,,22.7
"PUERTO CASADO, PA",2016/8/27,,29.3
"PUERTO CASADO, PA",2016/8/29,,16.3
"PUERTO CASADO, PA",2016/8/30,2.3,15.7
"PUERTO CASADO, PA",2016/8/31,0,16.6
"PUERTO CASADO, PA",2016/9/1,,19.9
"PUERTO CASADO, PA",2016/9/2,,21.8
"PUERTO CASADO, PA",2016/9/4,10.4,10.9
"PUERTO CASADO, PA",2016/9/5,6.4,11.9
"PUERTO CASADO, PA",2016/9/7,,12.9
"PUERTO CASADO, PA",2016/9/8,,16.7
"PUERTO CASADO, PA",2016/9/9,,18.2
"PUERTO CASADO, PA",2016/9/10,,22.2
"PUERTO CASADO, PA",2016/9/11,,25.6
"PUERTO CASADO, PA",2016/9/12,,27.7
"PUERTO CASADO, PA",2016/9/13,,29.7
"PUERTO CASADO, PA",2016/9/14,,21.5
"PUERTO CASADO, PA",2016/9/15,,20
"PUERTO CASADO, PA",2016/9/16,,22.7
"PUERTO CASADO, PA",2016/9/17,,26.3
"PUERTO CASADO, PA",2016/9/18,,29.6
"PUERTO CASADO, PA",2016/9/19,,25.2
"PUERTO CASADO, PA",2016/9/20,23.1,21.2
"PUERTO CASADO, PA",2016/9/21,0,21.1
"PUERTO CASADO, PA",2016/9/22,,25.8
"PUERTO CASADO, PA",2016/9/23,,25.1
"PUERTO CASADO, PA",2016/9/24,,23.7
"PUERTO CASADO, PA",2016/9/25,,21.4
"PUERTO CASADO, PA",2016/9/26,,22.7
"PUERTO CASADO, PA",2016/9/27,,26
"PUERTO CASADO, PA",2016/9/28,,28.8
"PUERTO CASADO, PA",2016/9/29,,29.4
"PUERTO CASADO, PA",2016/9/30,,26.3
"PUERTO CASADO, PA",2016/10/1,9.9,24.4
"PUERTO CASADO, PA",2016/10/2,0,28.1
"PUERTO CASADO, PA",2016/10/3,18,22.8
"PUERTO CASADO, PA",2016/10/4,26.9,22.2
"PUERTO CASADO, PA",2016/10/5,37.6,23.5
"PUERTO CASADO, PA",2016/10/6,0,21.3
"PUERTO CASADO, PA",2016/10/7,,21.6
"PUERTO CASADO, PA",2016/10/8,,24.4
"PUERTO CASADO, PA",2016/10/9,,25
"PUERTO CASADO, PA",2016/10/10,,27.6
"PUERTO CASADO, PA",2016/10/11,,29.9
"PUERTO CASADO, PA",2016/10/12,,30.5
"PUERTO CASADO, PA",2016/10/13,,28.5
"PUERTO CASADO, PA",2016/10/14,15.5,27.8
"PUERTO CASADO, PA",2016/10/15,0,29.5
"PUERTO CASADO, PA",2016/10/16,,33.5
"PUERTO CASADO, PA",2016/10/17,,33.5
"PUERTO CASADO, PA",2016/10/18,,33.5
"PUERTO CASADO, PA",2016/10/19,,33.9
"PUERTO CASADO, PA",2016/10/20,,24.4
"PUERTO CASADO, PA",2016/10/21,,24.3
"PUERTO CASADO, PA",2016/10/22,,26
"PUERTO CASADO, PA",2016/10/23,,29.3
"PUERTO CASADO, PA",2016/10/24,,29.7
"PUERTO CASADO, PA",2016/10/25,,31.5
"PUERTO CASADO, PA",2016/10/26,48.5,23.3
"PUERTO CASADO, PA",2016/10/27,2.8,21.8
"PUERTO CASADO, PA",2016/10/28,0,19.6
"PUERTO CASADO, PA",2016/10/29,,19.9
"PUERTO CASADO, PA",2016/10/30,,25
"PUERTO CASADO, PA",2016/10/31,,29.7
"PUERTO CASADO, PA",2016/11/1,,31.8
"PUERTO CASADO, PA",2016/11/4,,23.1
"PUERTO CASADO, PA",2016/11/5,,24.7
"PUERTO CASADO, PA",2016/11/6,,29.3
"PUERTO CASADO, PA",2016/11/7,,30.8
"PUERTO CASADO, PA",2016/11/8,32.3,27.3
"PUERTO CASADO, PA",2016/11/9,0,27.7
"PUERTO CASADO, PA",2016/11/10,25.4,29.1
"PUERTO CASADO, PA",2016/11/11,4.3,26.7
"PUERTO CASADO, PA",2016/11/12,15.2,24
"PUERTO CASADO, PA",2016/11/13,0,26.9
"PUERTO CASADO, PA",2016/11/14,,27.5
"PUERTO CASADO, PA",2016/11/15,8.6,26.5
"PUERTO CASADO, PA",2016/11/16,0.3,27.3
"PUERTO CASADO, PA",2016/11/17,0,26.6
"PUERTO CASADO, PA",2016/11/18,,22
"PUERTO CASADO, PA",2016/11/19,,21.3
"PUERTO CASADO, PA",2016/11/20,,25.3
"PUERTO CASADO, PA",2016/11/21,,27.3
"PUERTO CASADO, PA",2016/11/22,,26.1
"PUERTO CASADO, PA",2016/11/23,,25.8
"PUERTO CASADO, PA",2016/11/24,,28.6
"PUERTO CASADO, PA",2016/11/25,,31.8
"PUERTO CASADO, PA",2016/11/26,6.6,28.9
"PUERTO CASADO, PA",2016/11/27,0,30.2
"PUERTO CASADO, PA",2016/11/28,60.5,25.4
"PUERTO CASADO, PA",2016/11/29,14.5,25.9
"PUERTO CASADO, PA",2016/11/30,0,27.1
"PUERTO CASADO, PA",2016/12/1,,28.5
"PUERTO CASADO, PA",2016/12/2,,28.9
"PUERTO CASADO, PA",2016/12/3,38.9,26.2
"PUERTO CASADO, PA",2016/12/4,0,27.8
"PUERTO CASADO, PA",2016/12/5,,28.8
"PUERTO CASADO, PA",2016/12/6,,32.2
"PUERTO CASADO, PA",2016/12/7,7.1,27.8
"PUERTO CASADO, PA",2016/12/8,0.5,26.7
"PUERTO CASADO, PA",2016/12/9,63.8,24.8
"PUERTO CASADO, PA",2016/12/10,31.5,25.2
"PUERTO CASADO, PA",2016/12/11,0.5,25.5
"PUERTO CASADO, PA",2016/12/12,0,26.8
"PUERTO CASADO, PA",2016/12/13,,28.2
"PUERTO CASADO, PA",2016/12/14,51.6,26
"PUERTO CASADO, PA",2016/12/15,0,24.6
"PUERTO CASADO, PA",2016/12/16,,26.5
"PUERTO CASADO, PA",2016/12/17,,27.8
"PUERTO CASADO, PA",2016/12/18,,28.8
"PUERTO CASADO, PA",2016/12/19,,26.7
"PUERTO CASADO, PA",2016/12/20,3.3,26.3
"PUERTO CASADO, PA",2016/12/22,,27
"PUERTO CASADO, PA",2016/12/23,,27.3
"PUERTO CASADO, PA",2016/12/24,,28.7
"PUERTO CASADO, PA",2016/12/25,,28.8
"PUERTO CASADO, PA",2016/12/26,,30.5
"PUERTO CASADO, PA",2016/12/27,,32.3
"PUERTO CASADO, PA",2016/12/28,2,29.4
"PUERTO CASADO, PA",2016/12/29,0,29.2
"PUERTO CASADO, PA",2016/12/30,5.3,30.1
"PUERTO CASADO, PA",2016/12/31,0,29.8
"PUERTO CASADO, PA",2017/1/1,,31.7
"PUERTO CASADO, PA",2017/1/2,,30.8
"PUERTO CASADO, PA",2017/1/4,,29.8
"PUERTO CASADO, PA",2017/1/5,,31.3
"PUERTO CASADO, PA",2017/1/6,,28.2
"PUERTO CASADO, PA",2017/1/7,4.3,28.3
"PUERTO CASADO, PA",2017/1/8,0,31.3
"PUERTO CASADO, PA",2017/1/9,,33.2
"PUERTO CASADO, PA",2017/1/10,,32.7
"PUERTO CASADO, PA",2017/1/11,,31.3
"PUERTO CASADO, PA",2017/1/12,,29.7
"PUERTO CASADO, PA",2017/1/15,,31.8
"PUERTO CASADO, PA",2017/1/16,,32.8
"PUERTO CASADO, PA",2017/1/19,,31.2
"PUERTO CASADO, PA",2017/1/20,,31.4
"PUERTO CASADO, PA",2017/1/22,,29.5
"PUERTO CASADO, PA",2017/1/24,,28.8
"PUERTO CASADO, PA",2017/1/25,8.6,27.2
"PUERTO CASADO, PA",2017/1/28,,26
"PUERTO CASADO, PA",2017/1/29,,29.3
"PUERTO CASADO, PA",2017/1/30,,29.4
"PUERTO CASADO, PA",2017/1/31,7.1,26.2
"PUERTO CASADO, PA",2017/2/1,8.4,29
"PUERTO CASADO, PA",2017/2/2,10.2,27.3
"PUERTO CASADO, PA",2017/2/3,0,30.2
"PUERTO CASADO, PA",2017/2/4,,30.9
"PUERTO CASADO, PA",2017/2/7,62.2,27.6
"PUERTO CASADO, PA",2017/2/8,0,30.6
"PUERTO CASADO, PA",2017/2/9,,31.3
"PUERTO CASADO, PA",2017/2/10,,29.9
"PUERTO CASADO, PA",2017/2/11,48.5,26.9
"PUERTO CASADO, PA",2017/2/12,0,28.1
"PUERTO CASADO, PA",2017/2/13,,27.8
"PUERTO CASADO, PA",2017/2/14,,28.1
"PUERTO CASADO, PA",2017/2/15,,30.4
"PUERTO CASADO, PA",2017/2/16,,30.2
"PUERTO CASADO, PA",2017/2/17,,31.2
"PUERTO CASADO, PA",2017/2/18,,30.4
"PUERTO CASADO, PA",2017/2/19,,30.1
"PUERTO CASADO, PA",2017/2/20,0.3,29.4
"PUERTO CASADO, PA",2017/2/21,0,34.9
"PUERTO CASADO, PA",2017/2/22,0.5,30.6
"PUERTO CASADO, PA",2017/2/23,0,30.7
"PUERTO CASADO, PA",2017/2/24,,28.9
"PUERTO CASADO, PA",2017/2/25,,28.2
"PUERTO CASADO, PA",2017/2/26,,29
"PUERTO CASADO, PA",2017/2/27,,30.1
"PUERTO CASADO, PA",2017/2/28,,30.8
"PUERTO CASADO, PA",2017/3/1,31.2,28.1
"PUERTO CASADO, PA",2017/3/2,0,30.8
"PUERTO CASADO, PA",2017/3/3,,31.3
"PUERTO CASADO, PA",2017/3/4,,30.4
"PUERTO CASADO, PA",2017/3/5,1,26.4
"PUERTO CASADO, PA",2017/3/6,12.7,27.8
"PUERTO CASADO, PA",2017/3/7,0,31
"PUERTO CASADO, PA",2017/3/8,0.3,30.8
"PUERTO CASADO, PA",2017/3/9,0,31.6
"PUERTO CASADO, PA",2017/3/10,,32.2
"PUERTO CASADO, PA",2017/3/11,,32.3
"PUERTO CASADO, PA",2017/3/12,,33.2
"PUERTO CASADO, PA",2017/3/13,0.3,26.6
"PUERTO CASADO, PA",2017/3/14,0,28.8
"PUERTO CASADO, PA",2017/3/15,,31.3
"PUERTO CASADO, PA",2017/3/16,,25.5
"PUERTO CASADO, PA",2017/3/17,,22.1
"PUERTO CASADO, PA",2017/3/18,,23.3
"PUERTO CASADO, PA",2017/3/19,,24.4
"PUERTO CASADO, PA",2017/3/20,,27.7
"PUERTO CASADO, PA",2017/3/21,,28.6
"PUERTO CASADO, PA",2017/3/22,,27.7
"PUERTO CASADO, PA",2017/3/23,,26.2
"PUERTO CASADO, PA",2017/3/24,,27.6
"PUERTO CASADO, PA",2017/3/25,,28.8
"PUERTO CASADO, PA",2017/3/26,,27.2
"PUERTO CASADO, PA",2017/3/27,,25.9
"PUERTO CASADO, PA",2017/3/28,,29.1
"PUERTO CASADO, PA",2017/3/29,,28.3
"PUERTO CASADO, PA",2017/3/30,,29.1
"PUERTO CASADO, PA",2017/3/31,,29.3
"PUERTO CASADO, PA",2017/4/1,,28.9
"PUERTO CASADO, PA",2017/4/2,,30.1
"PUERTO CASADO, PA",2017/4/3,,25.9
"PUERTO CASADO, PA",2017/4/4,,26.7
"PUERTO CASADO, PA",2017/4/5,,27.2
"PUERTO CASADO, PA",2017/4/6,,24.8
"PUERTO CASADO, PA",2017/4/7,,27.5
"PUERTO CASADO, PA",2017/4/8,,30.2
"PUERTO CASADO, PA",2017/4/9,,28.9
"PUERTO CASADO, PA",2017/4/10,,24.1
"PUERTO CASADO, PA",2017/4/11,,23.9
"PUERTO CASADO, PA",2017/4/12,,25.4
"PUERTO CASADO, PA",2017/4/13,,24.6
"PUERTO CASADO, PA",2017/4/14,,27.4
"PUERTO CASADO, PA",2017/4/15,,29.6
"PUERTO CASADO, PA",2017/4/16,,26.3
"PUERTO CASADO, PA",2017/4/17,,26.2
"PUERTO CASADO, PA",2017/4/18,,25.9
"PUERTO CASADO, PA",2017/4/19,,24.7
"PUERTO CASADO, PA",2017/4/20,137.9,21.1
"PUERTO CASADO, PA",2017/4/21,0.5,23.6
"PUERTO CASADO, PA",2017/4/22,0,24
"PUERTO CASADO, PA",2017/4/23,,24.2
"PUERTO CASADO, PA",2017/4/24,,25.7
"PUERTO CASADO, PA",2017/4/25,,27.8
"PUERTO CASADO, PA",2017/4/26,,23.5
"PUERTO CASADO, PA",2017/4/27,,17.4
"PUERTO CASADO, PA",2017/4/28,,17.8
"PUERTO CASADO, PA",2017/4/29,,18.8
"PUERTO CASADO, PA",2017/4/30,,21.9
"PUERTO CASADO, PA",2017/5/1,,22.8
"PUERTO CASADO, PA",2017/5/2,,25
"PUERTO CASADO, PA",2017/5/3,,28.1
"PUERTO CASADO, PA",2017/5/4,57.7,21
"PUERTO CASADO, PA",2017/5/5,0,22.3
"PUERTO CASADO, PA",2017/5/6,,23.1
"PUERTO CASADO, PA",2017/5/7,,28.2
"PUERTO CASADO, PA",2017/5/8,,28.3
"PUERTO CASADO, PA",2017/5/9,30.5,23.1
"PUERTO CASADO, PA",2017/5/10,1,23.4
"PUERTO CASADO, PA",2017/5/11,1,25.6
"PUERTO CASADO, PA",2017/5/12,0,27.1
"PUERTO CASADO, PA",2017/5/13,,26.4
"PUERTO CASADO, PA",2017/5/14,1.3,21.3
"PUERTO CASADO, PA",2017/5/15,3.3,20.2
"PUERTO CASADO, PA",2017/5/16,4.3,20.9
"PUERTO CASADO, PA",2017/5/17,0,22.7
"PUERTO CASADO, PA",2017/5/18,0.3,26.3
"PUERTO CASADO, PA",2017/5/19,0,25.3
"PUERTO CASADO, PA",2017/5/20,9.4,20.7
"PUERTO CASADO, PA",2017/5/21,26.7,19.5
"PUERTO CASADO, PA",2017/5/22,0,21.9
"PUERTO CASADO, PA",2017/5/23,,25.3
"PUERTO CASADO, PA",2017/5/24,,26.8
"PUERTO CASADO, PA",2017/5/25,,28.6
"PUERTO CASADO, PA",2017/5/26,,28.5
"PUERTO CASADO, PA",2017/5/27,2.3,20.2
"PUERTO CASADO, PA",2017/5/28,0,18.4
"PUERTO CASADO, PA",2017/5/29,0,19.2
"PUERTO CASADO, PA",2017/5/30,0,19.2
"PUERTO CASADO, PA",2017/5/31,5.1,17.1
"PUERTO CASADO, PA",2017/6/1,0,16
"PUERTO CASADO, PA",2017/6/2,,16
"PUERTO CASADO, PA",2017/6/3,,20.6
"PUERTO CASADO, PA",2017/6/4,,26.8
"PUERTO CASADO, PA",2017/6/5,,24.3
"PUERTO CASADO, PA",2017/6/6,4.3,21.7
"PUERTO CASADO, PA",2017/6/7,3.8,22.6
"PUERTO CASADO, PA",2017/6/8,6.4,22.9
"PUERTO CASADO, PA",2017/6/9,7.4,15.7
"PUERTO CASADO, PA",2017/6/10,0,14.6
"PUERTO CASADO, PA",2017/6/11,,16.6
"PUERTO CASADO, PA",2017/6/12,,19.9
"PUERTO CASADO, PA",2017/6/13,,23.4
"PUERTO CASADO, PA",2017/6/14,,24.9
"PUERTO CASADO, PA",2017/6/15,,26.4
"PUERTO CASADO, PA",2017/6/16,,26.9
"PUERTO CASADO, PA",2017/6/17,,26.6
"PUERTO CASADO, PA",2017/6/18,,25.2
"PUERTO CASADO, PA",2017/6/19,5.1,14.1
"PUERTO CASADO, PA",2017/6/20,0,13.7
"PUERTO CASADO, PA",2017/6/21,,18.2
"PUERTO CASADO, PA",2017/6/22,,24.8
"PUERTO CASADO, PA",2017/6/23,,27
"PUERTO CASADO, PA",2017/6/24,,25.9
"PUERTO CASADO, PA",2017/6/25,,26.1
"PUERTO CASADO, PA",2017/6/26,,26.8
"PUERTO CASADO, PA",2017/6/27,,25.2
"PUERTO CASADO, PA",2017/6/28,,25.7
"PUERTO CASADO, PA",2017/6/29,,24.3
"PUERTO CASADO, PA",2017/6/30,,22.8
"PUERTO CASADO, PA",2017/7/9,0.8,23.6
"PUERTO CASADO, PA",2017/7/10,0,25.2
"PUERTO CASADO, PA",2017/7/11,,26
"PUERTO CASADO, PA",2017/7/12,,24.9
"PUERTO CASADO, PA",2017/7/13,,25
"PUERTO CASADO, PA",2017/7/14,,26.5
"PUERTO CASADO, PA",2017/7/15,,25.7
"PUERTO CASADO, PA",2017/7/16,,21.1
"PUERTO CASADO, PA",2017/7/17,,9.6
"PUERTO CASADO, PA",2017/7/18,,8.4
"PUERTO CASADO, PA",2017/7/19,,11.9
"PUERTO CASADO, PA",2017/7/20,,13.8
"PUERTO CASADO, PA",2017/7/21,,19.1
"PUERTO CASADO, PA",2017/7/22,,22.1
"PUERTO CASADO, PA",2017/7/23,,26.1
"PUERTO CASADO, PA",2017/7/24,,26.2
"PUERTO CASADO, PA",2017/7/25,,27.3
"PUERTO CASADO, PA",2017/7/26,,25.9
"PUERTO CASADO, PA",2017/7/27,,24.1
"PUERTO CASADO, PA",2017/7/28,,25.1
"PUERTO CASADO, PA",2017/7/29,,25.7
"PUERTO CASADO, PA",2017/7/30,,25.1
"PUERTO CASADO, PA",2017/7/31,,28.1
"PUERTO CASADO, PA",2017/8/1,,27.2
"PUERTO CASADO, PA",2017/8/2,,20.7
"PUERTO CASADO, PA",2017/8/3,,17.6
"PUERTO CASADO, PA",2017/8/4,,17.4
"PUERTO CASADO, PA",2017/8/5,,21.6
"PUERTO CASADO, PA",2017/8/6,,26.2
"PUERTO CASADO, PA",2017/8/7,,28.1
"PUERTO CASADO, PA",2017/8/8,,29.8
"PUERTO CASADO, PA",2017/8/9,,28.8
"PUERTO CASADO, PA",2017/8/10,,30.9
"PUERTO CASADO, PA",2017/8/11,,31.6
"PUERTO CASADO, PA",2017/8/12,,31.3
"PUERTO CASADO, PA",2017/8/13,8.4,20.3
"PUERTO CASADO, PA",2017/8/14,4.3,16.5
"PUERTO CASADO, PA",2017/8/15,18.5,19.4
"PUERTO CASADO, PA",2017/8/17,17.5,22.7
"PUERTO CASADO, PA",2017/8/18,0,23.3
"PUERTO CASADO, PA",2017/8/19,,28
"PUERTO CASADO, PA",2017/8/20,,23.7
"PUERTO CASADO, PA",2017/8/22,,21
"PUERTO CASADO, PA",2017/8/23,,28.5
"PUERTO CASADO, PA",2017/8/24,,30.9
"PUERTO CASADO, PA",2017/8/25,,30.5
"PUERTO CASADO, PA",2017/8/26,,30.1
"PUERTO CASADO, PA",2017/8/27,,29.7
"PUERTO CASADO, PA",2017/8/28,,31.1
"PUERTO CASADO, PA",2017/8/29,,31.3
"PUERTO CASADO, PA",2017/8/30,,24.3
"PUERTO CASADO, PA",2017/8/31,,21.1
"PUERTO CASADO, PA",2017/9/1,,29.5
"PUERTO CASADO, PA",2017/9/2,,31.1
"PUERTO CASADO, PA",2017/9/3,,32.7
"PUERTO CASADO, PA",2017/9/4,,31.8
"PUERTO CASADO, PA",2017/9/5,,22.8
"PUERTO CASADO, PA",2017/9/6,,22.9
"PUERTO CASADO, PA",2017/9/7,,28.9
"PUERTO CASADO, PA",2017/9/8,,30.3
"PUERTO CASADO, PA",2017/9/9,,31.9
"PUERTO CASADO, PA",2017/9/10,,32.5
"PUERTO CASADO, PA",2017/9/11,,25.2
"PUERTO CASADO, PA",2017/9/12,,26.1
"PUERTO CASADO, PA",2017/9/13,,28.6
"PUERTO CASADO, PA",2017/9/14,,30.7
"PUERTO CASADO, PA",2017/9/15,4.3,20.2
"PUERTO CASADO, PA",2017/9/16,38.1,18.1
"PUERTO CASADO, PA",2017/9/17,0,21.2
"PUERTO CASADO, PA",2017/9/18,,24.2
"PUERTO CASADO, PA",2017/9/19,,29.1
"PUERTO CASADO, PA",2017/9/20,,32.2
"PUERTO CASADO, PA",2017/9/21,,32.4
"PUERTO CASADO, PA",2017/9/22,,24.5
"PUERTO CASADO, PA",2017/9/23,,22.6
"PUERTO CASADO, PA",2017/9/24,4.3,22.6
"PUERTO CASADO, PA",2017/9/25,1.3,26.4
"PUERTO CASADO, PA",2017/9/26,4.3,28
"PUERTO CASADO, PA",2017/9/27,0,30.9
"PUERTO CASADO, PA",2017/9/28,,26.6
"PUERTO CASADO, PA",2017/9/29,,23.8
"PUERTO CASADO, PA",2017/9/30,78.2,25.4
"PUERTO CASADO, PA",2017/10/1,0,26.9
"PUERTO CASADO, PA",2017/10/2,6.1,21.9
"PUERTO CASADO, PA",2017/10/3,0,22.6
"PUERTO CASADO, PA",2017/10/4,,23.8
"PUERTO CASADO, PA",2017/10/5,,25.3
"PUERTO CASADO, PA",2017/10/6,,31.5
"PUERTO CASADO, PA",2017/10/7,18,29.8
"PUERTO CASADO, PA",2017/10/8,0,29.9
"PUERTO CASADO, PA",2017/10/9,,31.2
"PUERTO CASADO, PA",2017/10/10,,31.6
"PUERTO CASADO, PA",2017/10/11,,31.9
"PUERTO CASADO, PA",2017/10/12,,31.1
"PUERTO CASADO, PA",2017/10/13,,23.5
"PUERTO CASADO, PA",2017/10/14,,17.8
"PUERTO CASADO, PA",2017/10/15,,22.4
"PUERTO CASADO, PA",2017/10/16,,27.8
"PUERTO CASADO, PA",2017/10/17,,31.7
"PUERTO CASADO, PA",2017/10/18,,32.8
"PUERTO CASADO, PA",2017/10/19,,32.1
"PUERTO CASADO, PA",2017/10/20,3.3,26.1
"PUERTO CASADO, PA",2017/10/21,0,29.4
"PUERTO CASADO, PA",2017/10/22,2.8,25.1
"PUERTO CASADO, PA",2017/10/23,0,23.3
"PUERTO CASADO, PA",2017/10/24,,27.6
"PUERTO CASADO, PA",2017/10/25,,30.9
"PUERTO CASADO, PA",2017/10/26,,29.9
"PUERTO CASADO, PA",2017/10/27,5.1,26.4
"PUERTO CASADO, PA",2017/10/28,0,27.2
"PUERTO CASADO, PA",2017/10/29,2.8,28.2
"PUERTO CASADO, PA",2017/10/30,5.1,27.3
"PUERTO CASADO, PA",2017/10/31,23.1,25.1
"PUERTO CASADO, PA",2017/11/1,0,28.6
"PUERTO CASADO, PA",2017/11/2,,28.8
"PUERTO CASADO, PA",2017/11/3,,31.5
"PUERTO CASADO, PA",2017/11/4,,28.4
"PUERTO CASADO, PA",2017/11/5,,23
"PUERTO CASADO, PA",2017/11/6,,26.4
"PUERTO CASADO, PA",2017/11/7,,27.8
"PUERTO CASADO, PA",2017/11/8,59.9,26.7
"PUERTO CASADO, PA",2017/11/9,2,28.3
"PUERTO CASADO, PA",2017/11/10,0,27
"PUERTO CASADO, PA",2017/11/11,,24.3
"PUERTO CASADO, PA",2017/11/12,,25.4
"PUERTO CASADO, PA",2017/11/13,,26.6
"PUERTO CASADO, PA",2017/11/14,,28.6
"PUERTO CASADO, PA",2017/11/15,,31.6
"PUERTO CASADO, PA",2017/11/16,,30
"PUERTO CASADO, PA",2017/11/17,25.1,26.6
"PUERTO CASADO, PA",2017/11/18,0,26.2
"PUERTO CASADO, PA",2017/11/19,2.8,24.9
"PUERTO CASADO, PA",2017/11/20,0,26.7
"PUERTO CASADO, PA",2017/11/21,,29.3
"PUERTO CASADO, PA",2017/11/22,2.3,26.1
"PUERTO CASADO, PA",2017/11/23,0,25.7
"PUERTO CASADO, PA",2017/11/24,,28.7
"PUERTO CASADO, PA",2017/11/25,,27.7
"PUERTO CASADO, PA",2017/11/26,,22.9
"PUERTO CASADO, PA",2017/11/27,,24.3
"PUERTO CASADO, PA",2017/11/28,4.1,24.3
"PUERTO CASADO, PA",2017/11/29,0,28
"PUERTO CASADO, PA",2017/11/30,20.3,25.6
"PUERTO CASADO, PA",2017/12/1,55.1,26
"PUERTO CASADO, PA",2017/12/2,0,28.7
"PUERTO CASADO, PA",2017/12/3,,29.4
"PUERTO CASADO, PA",2017/12/4,19.3,26.1
"PUERTO CASADO, PA",2017/12/5,0.3,27.4
"PUERTO CASADO, PA",2017/12/6,13.2,27.4
"PUERTO CASADO, PA",2017/12/7,0,28.4
"PUERTO CASADO, PA",2017/12/8,6.6,28.9
"PUERTO CASADO, PA",2017/12/9,0,29.3
"PUERTO CASADO, PA",2017/12/10,6.4,27.3
"PUERTO CASADO, PA",2017/12/11,0,30.2
"PUERTO CASADO, PA",2017/12/12,,29.7
"PUERTO CASADO, PA",2017/12/13,,30.1
"PUERTO CASADO, PA",2017/12/14,,30.9
"PUERTO CASADO, PA",2017/12/15,,31.2
"PUERTO CASADO, PA",2017/12/16,,31.8
"PUERTO CASADO, PA",2017/12/17,,32
"PUERTO CASADO, PA",2017/12/18,,29.8
"PUERTO CASADO, PA",2017/12/19,,30.2
"PUERTO CASADO, PA",2017/12/20,,28.3
"PUERTO CASADO, PA",2017/12/21,,25.9
"PUERTO CASADO, PA",2017/12/22,,27.3
"PUERTO CASADO, PA",2017/12/23,14.7,26.7
"PUERTO CASADO, PA",2017/12/24,35.6,25.8
"PUERTO CASADO, PA",2017/12/25,4.1,25.4
"PUERTO CASADO, PA",2017/12/26,19.1,25.2
"PUERTO CASADO, PA",2017/12/27,8.1,27.7
"PUERTO CASADO, PA",2017/12/28,0,28.3
"PUERTO CASADO, PA",2017/12/29,1.3,25.9
"PUERTO CASADO, PA",2017/12/30,0,29.2
"PUERTO CASADO, PA",2017/12/31,19.3,30.6
"PUERTO CASADO, PA",2018/1/1,1,30.4
"PUERTO CASADO, PA",2018/1/2,12.7,25.7
"PUERTO CASADO, PA",2018/1/3,42.9,27.2
"PUERTO CASADO, PA",2018/1/4,0,28.8
"PUERTO CASADO, PA",2018/1/5,,29.6
"PUERTO CASADO, PA",2018/1/6,,29.2
"PUERTO CASADO, PA",2018/1/7,16.3,27.9
"PUERTO CASADO, PA",2018/1/8,0,28.6
"PUERTO CASADO, PA",2018/1/9,,28.9
"PUERTO CASADO, PA",2018/1/10,3.6,26.7
"PUERTO CASADO, PA",2018/1/12,4.1,27.9
"PUERTO CASADO, PA",2018/1/13,0,28.8
"PUERTO CASADO, PA",2018/1/14,,27.9
"PUERTO CASADO, PA",2018/1/15,12.4,26.9
"PUERTO CASADO, PA",2018/1/16,2,28.6
"PUERTO CASADO, PA",2018/1/17,0,28.1
"PUERTO CASADO, PA",2018/1/18,20.1,27.2
"PUERTO CASADO, PA",2018/1/19,0.3,26.4
"PUERTO CASADO, PA",2018/1/20,11.2,27.8
"PUERTO CASADO, PA",2018/1/21,0,28.4
"PUERTO CASADO, PA",2018/1/22,8.1,30.2
"PUERTO CASADO, PA",2018/1/23,0,31.1
"PUERTO CASADO, PA",2018/1/24,,30.9
"PUERTO CASADO, PA",2018/1/25,,29.8
"PUERTO CASADO, PA",2018/1/26,,29.2
"PUERTO CASADO, PA",2018/1/27,1,28.3
"PUERTO CASADO, PA",2018/1/28,1,27.4
"PUERTO CASADO, PA",2018/1/29,116.3,26.6
"PUERTO CASADO, PA",2018/1/30,32.3,28
"PUERTO CASADO, PA",2018/1/31,0,29.2
"PUERTO CASADO, PA",2018/2/1,,29
"PUERTO CASADO, PA",2018/2/2,,28.8
"PUERTO CASADO, PA",2018/2/3,,29.9
"PUERTO CASADO, PA",2018/2/4,,30.2
"PUERTO CASADO, PA",2018/2/5,,29.1
"PUERTO CASADO, PA",2018/2/6,,29.4
"PUERTO CASADO, PA",2018/2/7,,31.2
"PUERTO CASADO, PA",2018/2/8,,30.5
"PUERTO CASADO, PA",2018/2/9,,29.3
"PUERTO CASADO, PA",2018/2/10,,28.9
"PUERTO CASADO, PA",2018/2/11,0.3,28
"PUERTO CASADO, PA",2018/2/12,29.2,25.1
"PUERTO CASADO, PA",2018/2/13,1,25.1
"PUERTO CASADO, PA",2018/2/14,0,26.3
"PUERTO CASADO, PA",2018/2/15,,29.8
"PUERTO CASADO, PA",2018/2/16,,28.4
"PUERTO CASADO, PA",2018/2/17,10.2,24.8
"PUERTO CASADO, PA",2018/2/18,8.9,24.2
"PUERTO CASADO, PA",2018/2/19,13,25.8
"PUERTO CASADO, PA",2018/2/20,2,28
"PUERTO CASADO, PA",2018/2/21,0,28.8
"PUERTO CASADO, PA",2018/2/22,,27.6
"PUERTO CASADO, PA",2018/2/23,,25.5
"PUERTO CASADO, PA",2018/2/24,,27.4
"PUERTO CASADO, PA",2018/2/25,,27.7
"PUERTO CASADO, PA",2018/2/26,9.1,27.7
"PUERTO CASADO, PA",2018/2/27,37.3,27.4
"PUERTO CASADO, PA",2018/2/28,40.4,28.2
"PUERTO CASADO, PA",2018/3/1,31.2,24.7
"PUERTO CASADO, PA",2018/3/2,10.4,27.2
"PUERTO CASADO, PA",2018/3/3,3.3,28.2
"PUERTO CASADO, PA",2018/3/4,0,28.4
"PUERTO CASADO, PA",2018/3/5,,27.7
"PUERTO CASADO, PA",2018/3/6,6.1,26
"PUERTO CASADO, PA",2018/3/7,2.5,27.3
"PUERTO CASADO, PA",2018/3/8,0,27.7
"PUERTO CASADO, PA",2018/3/9,,28.6
"PUERTO CASADO, PA",2018/3/10,,27.4
"PUERTO CASADO, PA",2018/3/11,,29.1
"PUERTO CASADO, PA",2018/3/12,,30.4
"PUERTO CASADO, PA",2018/3/13,,30.7
"PUERTO CASADO, PA",2018/3/14,,30.8
"PUERTO CASADO, PA",2018/3/15,,30.8
"PUERTO CASADO, PA",2018/3/16,,30.5
"PUERTO CASADO, PA",2018/3/17,,30.7
"PUERTO CASADO, PA",2018/3/18,,30.7
"PUERTO CASADO, PA",2018/3/19,,29.3
"PUERTO CASADO, PA",2018/3/20,0.3,25.2
"PUERTO CASADO, PA",2018/3/21,0.3,24.2
"PUERTO CASADO, PA",2018/3/22,0,25.9
"PUERTO CASADO, PA",2018/3/23,,28.9
"PUERTO CASADO, PA",2018/3/24,,30.4
"PUERTO CASADO, PA",2018/3/25,23.4,24.9
"PUERTO CASADO, PA",2018/3/26,5.1,19.5
"PUERTO CASADO, PA",2018/3/27,0,19.6
"PUERTO CASADO, PA",2018/3/28,9.7,20.1
"PUERTO CASADO, PA",2018/3/29,0,25.9
"PUERTO CASADO, PA",2018/3/30,,26.6
"PUERTO CASADO, PA",2018/3/31,7.4,24.2
"PUERTO CASADO, PA",2018/4/1,0,27.3
"PUERTO CASADO, PA",2018/4/2,,26.2
"PUERTO CASADO, PA",2018/4/3,,25.3
"PUERTO CASADO, PA",2018/4/4,,25.8
"PUERTO CASADO, PA",2018/4/5,,28.3
"PUERTO CASADO, PA",2018/4/6,,29
"PUERTO CASADO, PA",2018/4/7,,28.6
"PUERTO CASADO, PA",2018/4/8,,28.7
"PUERTO CASADO, PA",2018/4/9,,28
"PUERTO CASADO, PA",2018/4/10,,29.4
"PUERTO CASADO, PA",2018/4/11,,28.3
"PUERTO CASADO, PA",2018/4/12,,29
"PUERTO CASADO, PA",2018/4/13,,27.6
"PUERTO CASADO, PA",2018/4/14,0,24.8
"PUERTO CASADO, PA",2018/4/15,0,27
"PUERTO CASADO, PA",2018/4/16,4.3,25.7
"PUERTO CASADO, PA",2018/4/17,0,25
"PUERTO CASADO, PA",2018/4/18,0.5,25.6
"PUERTO CASADO, PA",2018/4/19,30.2,26.2
"PUERTO CASADO, PA",2018/4/20,0,27.9
"PUERTO CASADO, PA",2018/4/21,,28.7
"PUERTO CASADO, PA",2018/4/22,,28.6
"PUERTO CASADO, PA",2018/4/23,,29.7
"PUERTO CASADO, PA",2018/4/24,,28.3
"PUERTO CASADO, PA",2018/4/25,,27.4
"PUERTO CASADO, PA",2018/4/26,,28.8
"PUERTO CASADO, PA",2018/4/27,,27.7
"PUERTO CASADO, PA",2018/4/28,,28.9
"PUERTO CASADO, PA",2018/4/29,,31.3
"PUERTO CASADO, PA",2018/4/30,,29.6
"PUERTO CASADO, PA",2018/5/1,,28.7
"PUERTO CASADO, PA",2018/5/2,,29.1
"PUERTO CASADO, PA",2018/5/3,,28.6
"PUERTO CASADO, PA",2018/5/4,,27.7
"PUERTO CASADO, PA",2018/5/5,42.2,24.2
"PUERTO CASADO, PA",2018/5/6,63.5,25.2
"PUERTO CASADO, PA",2018/5/7,0,28.1
"PUERTO CASADO, PA",2018/5/8,,28.7
"PUERTO CASADO, PA",2018/5/9,,27.9
"PUERTO CASADO, PA",2018/5/10,,28.6
"PUERTO CASADO, PA",2018/5/11,31.2,22.6
"PUERTO CASADO, PA",2018/5/12,0,20.8
"PUERTO CASADO, PA",2018/5/13,,21.1
"PUERTO CASADO, PA",2018/5/14,,24.1
"PUERTO CASADO, PA",2018/5/15,,28.3
"PUERTO CASADO, PA",2018/5/16,48.5,25.1
"PUERTO CASADO, PA",2018/5/17,0,24
"PUERTO CASADO, PA",2018/5/18,,24.5
"PUERTO CASADO, PA",2018/5/19,22.4,20.4
"PUERTO CASADO, PA",2018/5/20,0,17
"PUERTO CASADO, PA",2018/5/21,,18.5
"PUERTO CASADO, PA",2018/5/22,,19.5
"PUERTO CASADO, PA",2018/5/23,,17.6
"PUERTO CASADO, PA",2018/5/24,,19.8
"PUERTO CASADO, PA",2018/5/25,,20.2
"PUERTO CASADO, PA",2018/5/26,,22.4
"PUERTO CASADO, PA",2018/5/27,,24.8
"PUERTO CASADO, PA",2018/5/28,,25.7
"PUERTO CASADO, PA",2018/5/29,,24.5
"PUERTO CASADO, PA",2018/5/30,,24.1
"PUERTO CASADO, PA",2018/5/31,1.5,23.4
"PUERTO CASADO, PA",2018/6/1,32.3,17.8
"PUERTO CASADO, PA",2018/6/2,11.7,14.2
"PUERTO CASADO, PA",2018/6/3,1.5,12.7
"PUERTO CASADO, PA",2018/6/4,1.8,13.6
"PUERTO CASADO, PA",2018/6/5,1,14.3
"PUERTO CASADO, PA",2018/6/6,0,13.5
"PUERTO CASADO, PA",2018/6/7,2.5,14.3
"PUERTO CASADO, PA",2018/6/8,0,14.8
"PUERTO CASADO, PA",2018/6/9,,19.2
"PUERTO CASADO, PA",2018/6/10,,25.4
"PUERTO CASADO, PA",2018/6/11,,26.4
"PUERTO CASADO, PA",2018/6/12,,24.2
"PUERTO CASADO, PA",2018/6/13,,15.9
"PUERTO CASADO, PA",2018/6/14,,12.8
"PUERTO CASADO, PA",2018/6/15,,13.2
"PUERTO CASADO, PA",2018/6/16,,12.6
"PUERTO CASADO, PA",2018/6/17,,11.5
"PUERTO CASADO, PA",2018/6/18,,16.3
"PUERTO CASADO, PA",2018/6/19,,20.8
"PUERTO CASADO, PA",2018/6/20,,23.9
"PUERTO CASADO, PA",2018/6/21,,23.9
"PUERTO CASADO, PA",2018/6/22,,23.9
"PUERTO CASADO, PA",2018/6/23,,25.8
"PUERTO CASADO, PA",2018/6/24,,22
"PUERTO CASADO, PA",2018/6/25,0,16.4
"PUERTO CASADO, PA",2018/6/26,0,18.6
"PUERTO CASADO, PA",2018/6/27,,20
"PUERTO CASADO, PA",2018/6/28,10.2,25.8
"PUERTO CASADO, PA",2018/6/29,0,25.1
"PUERTO CASADO, PA",2018/6/30,,26.6
"PUERTO CASADO, PA",2018/7/1,,23.4
"PUERTO CASADO, PA",2018/7/2,,25.9
"PUERTO CASADO, PA",2018/7/3,,21.9
"PUERTO CASADO, PA",2018/7/4,,17
"PUERTO CASADO, PA",2018/7/5,,20.5
"PUERTO CASADO, PA",2018/7/6,,24.2
"PUERTO CASADO, PA",2018/7/7,,23.8
"PUERTO CASADO, PA",2018/7/8,,17.3
"PUERTO CASADO, PA",2018/7/9,1,11.9
"PUERTO CASADO, PA",2018/7/10,0,13.4
"PUERTO CASADO, PA",2018/7/11,,13.7
"PUERTO CASADO, PA",2018/7/12,,17.8
"PUERTO CASADO, PA",2018/7/13,,22.1
"PUERTO CASADO, PA",2018/7/14,,24.6
"PUERTO CASADO, PA",2018/7/15,,27.1
"PUERTO CASADO, PA",2018/7/16,,26.4
"PUERTO CASADO, PA",2018/7/17,,26.6
"PUERTO CASADO, PA",2018/7/18,,25.5
"PUERTO CASADO, PA",2018/7/19,,25.1
"PUERTO CASADO, PA",2018/7/20,,18.8
"PUERTO CASADO, PA",2018/7/21,1.5,12.8
"PUERTO CASADO, PA",2018/7/22,0,16.6
"PUERTO CASADO, PA",2018/7/23,,21.3
"PUERTO CASADO, PA",2018/7/24,,16.2
"PUERTO CASADO, PA",2018/7/25,,13.9
"PUERTO CASADO, PA",2018/7/26,,13
"PUERTO CASADO, PA",2018/7/27,,16.9
"PUERTO CASADO, PA",2018/7/28,,23.2
"PUERTO CASADO, PA",2018/7/29,,19.5
"PUERTO CASADO, PA",2018/7/30,,15.8
"PUERTO CASADO, PA",2018/7/31,,17.5
"PUERTO CASADO, PA",2018/8/1,,17.7
"PUERTO CASADO, PA",2018/8/2,,16.9
"PUERTO CASADO, PA",2018/8/3,,16.7
"PUERTO CASADO, PA",2018/8/4,,14.4
"PUERTO CASADO, PA",2018/8/5,,14.8
"PUERTO CASADO, PA",2018/8/6,,18.4
"PUERTO CASADO, PA",2018/8/7,,22.2
"PUERTO CASADO, PA",2018/8/8,,22.8
"PUERTO CASADO, PA",2018/8/9,,19.3
"PUERTO CASADO, PA",2018/8/10,,16
"PUERTO CASADO, PA",2018/8/11,,18.7
"PUERTO CASADO, PA",2018/8/12,,23.6
"PUERTO CASADO, PA",2018/8/13,,27.6
"PUERTO CASADO, PA",2018/8/14,,23.6
"PUERTO CASADO, PA",2018/8/15,,17.9
"PUERTO CASADO, PA",2018/8/16,,19.3
"PUERTO CASADO, PA",2018/8/17,,24.6
"PUERTO CASADO, PA",2018/8/18,,26.2
"PUERTO CASADO, PA",2018/8/19,,23.6
"PUERTO CASADO, PA",2018/8/20,,11.6
"PUERTO CASADO, PA",2018/8/21,1.5,9.3
"PUERTO CASADO, PA",2018/8/22,5.6,11.1
"PUERTO CASADO, PA",2018/8/23,0,19.1
"PUERTO CASADO, PA",2018/8/24,,26.8
"PUERTO CASADO, PA",2018/8/25,,18.1
"PUERTO CASADO, PA",2018/8/26,,15.3
"PUERTO CASADO, PA",2018/8/27,,18.1
"PUERTO CASADO, PA",2018/8/28,,24.1
"PUERTO CASADO, PA",2018/8/29,,29.1
"PUERTO CASADO, PA",2018/8/30,,28.8
"PUERTO CASADO, PA",2018/8/31,,28.7
"PUERTO CASADO, PA",2018/9/1,,16
"PUERTO CASADO, PA",2018/9/2,8.4,12.1
"PUERTO CASADO, PA",2018/9/3,0.5,15.6
"PUERTO CASADO, PA",2018/9/4,0,19.6
"PUERTO CASADO, PA",2018/9/5,,20.3
"PUERTO CASADO, PA",2018/9/6,,24.7
"PUERTO CASADO, PA",2018/9/7,,25.4
"PUERTO CASADO, PA",2018/9/8,,26.8
"PUERTO CASADO, PA",2018/9/9,,27.8
"PUERTO CASADO, PA",2018/9/10,,28.4
"PUERTO CASADO, PA",2018/9/11,,26.6
"PUERTO CASADO, PA",2018/9/12,,28.2
"PUERTO CASADO, PA",2018/9/13,,25.3
"PUERTO CASADO, PA",2018/9/14,23.1,19.7
"PUERTO CASADO, PA",2018/9/16,,22.9
"PUERTO CASADO, PA",2018/9/18,,25.7
"PUERTO CASADO, PA",2018/9/19,,28.6
"PUERTO CASADO, PA",2018/9/20,,28.1
"PUERTO CASADO, PA",2018/9/21,,27.6
"PUERTO CASADO, PA",2018/9/22,,31.1
"PUERTO CASADO, PA",2018/9/23,,31.9
"PUERTO CASADO, PA",2018/9/24,,31.8
"PUERTO CASADO, PA",2018/9/25,0.3,29.5
"PUERTO CASADO, PA",2018/9/26,0,30.5
"PUERTO CASADO, PA",2018/9/27,0.5,25.3
"PUERTO CASADO, PA",2018/9/29,1,27.5
"PUERTO CASADO, PA",2018/9/30,0,29.8
"PUERTO CASADO, PA",2018/10/1,,30.3
"PUERTO CASADO, PA",2018/10/2,8.9,26.6
"PUERTO CASADO, PA",2018/10/3,0,20.4
"PUERTO CASADO, PA",2018/10/4,2,21.5
"PUERTO CASADO, PA",2018/10/5,0,24.4
"PUERTO CASADO, PA",2018/10/6,,25.8
"PUERTO CASADO, PA",2018/10/7,,29.3
"PUERTO CASADO, PA",2018/10/8,,28.4
"PUERTO CASADO, PA",2018/10/9,,30.4
"PUERTO CASADO, PA",2018/10/10,1.8,26.7
"PUERTO CASADO, PA",2018/10/11,5.1,25.7
"PUERTO CASADO, PA",2018/10/12,0,28.2
"PUERTO CASADO, PA",2018/10/13,,24.8
"PUERTO CASADO, PA",2018/10/14,,22.3
"PUERTO CASADO, PA",2018/10/15,,22.8
"PUERTO CASADO, PA",2018/10/16,,26.7
"PUERTO CASADO, PA",2018/10/17,,32.9
"PUERTO CASADO, PA",2018/10/18,,33.5
"PUERTO CASADO, PA",2018/10/19,65.5,26.3
"PUERTO CASADO, PA",2018/10/20,0,27.2
"PUERTO CASADO, PA",2018/10/21,,28.9
"PUERTO CASADO, PA",2018/10/22,,30.6
"PUERTO CASADO, PA",2018/10/23,,28.4
"PUERTO CASADO, PA",2018/10/24,126,24.4
"PUERTO CASADO, PA",2018/10/25,2,25.4
"PUERTO CASADO, PA",2018/10/26,4.3,25.3
"PUERTO CASADO, PA",2018/10/27,20.1,24.6
"PUERTO CASADO, PA",2018/10/28,0,24.8
"PUERTO CASADO, PA",2018/10/29,,25.4
"PUERTO CASADO, PA",2018/10/30,,30.3
"PUERTO CASADO, PA",2018/10/31,,31.6
"PUERTO CASADO, PA",2018/11/1,3,29.5
"PUERTO CASADO, PA",2018/11/2,0,28.3
"PUERTO CASADO, PA",2018/11/3,,31.1
"PUERTO CASADO, PA",2018/11/4,55.9,27.2
"PUERTO CASADO, PA",2018/11/5,0,27.3
"PUERTO CASADO, PA",2018/11/6,,27.3
"PUERTO CASADO, PA",2018/11/7,138.9,25.1
"PUERTO CASADO, PA",2018/11/8,0,29.3
"PUERTO CASADO, PA",2018/11/9,,28.3
"PUERTO CASADO, PA",2018/11/10,,28.3
"PUERTO CASADO, PA",2018/11/11,,30.4
"PUERTO CASADO, PA",2018/11/12,,31.5
"PUERTO CASADO, PA",2018/11/13,,31.4
"PUERTO CASADO, PA",2018/11/14,67.3,27.9
"PUERTO CASADO, PA",2018/11/15,1,25.8
"PUERTO CASADO, PA",2018/11/16,0,30.2
"PUERTO CASADO, PA",2018/11/17,,30.1
"PUERTO CASADO, PA",2018/11/18,,26.8
"PUERTO CASADO, PA",2018/11/19,,23.3
"PUERTO CASADO, PA",2018/11/20,,27.4
"PUERTO CASADO, PA",2018/11/21,,29.2
"PUERTO CASADO, PA",2018/11/22,,30.1
"PUERTO CASADO, PA",2018/11/23,58.7,26.9
"PUERTO CASADO, PA",2018/11/24,0.3,25.2
"PUERTO CASADO, PA",2018/11/25,0,26.9
"PUERTO CASADO, PA",2018/11/26,,28.7
"PUERTO CASADO, PA",2018/11/27,4.3,30.2
"PUERTO CASADO, PA",2018/11/28,13.2,25.5
"PUERTO CASADO, PA",2018/11/29,99.1,25.9
"PUERTO CASADO, PA",2018/11/30,32.3,26.7
"PUERTO CASADO, PA",2018/12/1,4.1,28.4
"PUERTO CASADO, PA",2018/12/2,0,26.1
"PUERTO CASADO, PA",2018/12/3,,24.7
"PUERTO CASADO, PA",2018/12/4,,25
"PUERTO CASADO, PA",2018/12/5,,27.6
"PUERTO CASADO, PA",2018/12/6,,29.3
"PUERTO CASADO, PA",2018/12/7,,26
"PUERTO CASADO, PA",2018/12/8,,25.8
"PUERTO CASADO, PA",2018/12/9,,28.8
"PUERTO CASADO, PA",2018/12/10,,31.2
"PUERTO CASADO, PA",2018/12/11,,31.2
"PUERTO CASADO, PA",2018/12/12,,31
"PUERTO CASADO, PA",2018/12/13,,31.1
"PUERTO CASADO, PA",2018/12/14,,31.3
"PUERTO CASADO, PA",2018/12/15,,31.3
"PUERTO CASADO, PA",2018/12/16,,29.2
"PUERTO CASADO, PA",2018/12/17,,30.8
"PUERTO CASADO, PA",2018/12/18,,32.8
"PUERTO CASADO, PA",2018/12/19,,32.4
"PUERTO CASADO, PA",2018/12/20,,31.7
"PUERTO CASADO, PA",2018/12/21,,30.3
"PUERTO CASADO, PA",2018/12/22,16.5,25.5
"PUERTO CASADO, PA",2018/12/23,3,28.2
"PUERTO CASADO, PA",2018/12/24,41.7,25.3
"PUERTO CASADO, PA",2018/12/25,0,25.8
"PUERTO CASADO, PA",2018/12/26,29,26.7
"PUERTO CASADO, PA",2018/12/27,0,30.4
"PUERTO CASADO, PA",2018/12/28,,27.6
"PUERTO CASADO, PA",2018/12/30,,28.8
"PUERTO CASADO, PA",2018/12/31,55.4,27.6
"PUERTO CASADO, PA",2019/1/2,,31.7
"PUERTO CASADO, PA",2019/1/3,,31.7
"PUERTO CASADO, PA",2019/1/4,,31.1
"PUERTO CASADO, PA",2019/1/5,34,29.7
"PUERTO CASADO, PA",2019/1/6,0,30.7
"PUERTO CASADO, PA",2019/1/7,,30.7
"PUERTO CASADO, PA",2019/1/8,6.1,29.5
"PUERTO CASADO, PA",2019/1/9,0,29.6
"PUERTO CASADO, PA",2019/1/10,,29.8
"PUERTO CASADO, PA",2019/1/11,,28.2
"PUERTO CASADO, PA",2019/1/12,18,26.7
"PUERTO CASADO, PA",2019/1/13,9.9,27.9
"PUERTO CASADO, PA",2019/1/14,0,30.4
"PUERTO CASADO, PA",2019/1/15,,31.7
"PUERTO CASADO, PA",2019/1/16,,31.4
"PUERTO CASADO, PA",2019/1/17,,32.9
"PUERTO CASADO, PA",2019/1/18,4.1,30.7
"PUERTO CASADO, PA",2019/1/19,0,25.4
"PUERTO CASADO, PA",2019/1/20,,27.8
"PUERTO CASADO, PA",2019/1/21,,29
"PUERTO CASADO, PA",2019/1/22,3,31.4
"PUERTO CASADO, PA",2019/1/23,0,33.1
"PUERTO CASADO, PA",2019/1/24,,33.6
"PUERTO CASADO, PA",2019/1/25,,31.9
"PUERTO CASADO, PA",2019/1/26,,34
"PUERTO CASADO, PA",2019/1/27,,33.1
"PUERTO CASADO, PA",2019/1/28,,30.7
"PUERTO CASADO, PA",2019/1/30,,31.5
"PUERTO CASADO, PA",2019/1/31,,32.3
"PUERTO CASADO, PA",2019/2/1,,33.2
"PUERTO CASADO, PA",2019/2/2,,32.2
"PUERTO CASADO, PA",2019/2/3,8.6,27.2
"PUERTO CASADO, PA",2019/2/4,0,27.8
"PUERTO CASADO, PA",2019/2/5,,28.9
"PUERTO CASADO, PA",2019/2/6,,28.8
"PUERTO CASADO, PA",2019/2/7,,30.6
"PUERTO CASADO, PA",2019/2/8,,31.5
"PUERTO CASADO, PA",2019/2/9,,32
"PUERTO CASADO, PA",2019/2/10,,31.8
"PUERTO CASADO, PA",2019/2/11,,30.5
"PUERTO CASADO, PA",2019/2/12,,28.7
"PUERTO CASADO, PA",2019/2/13,,24.9
"PUERTO CASADO, PA",2019/2/14,45.5,26.7
"PUERTO CASADO, PA",2019/2/15,4.1,27.7
"PUERTO CASADO, PA",2019/2/16,1,26.8
"PUERTO CASADO, PA",2019/2/17,0,27.3
"PUERTO CASADO, PA",2019/2/18,,27.4
"PUERTO CASADO, PA",2019/2/19,,29.5
"PUERTO CASADO, PA",2019/2/20,15,27.7
"PUERTO CASADO, PA",2019/2/21,0,30.1
"PUERTO CASADO, PA",2019/2/22,,32.3
"PUERTO CASADO, PA",2019/2/23,,30.8
"PUERTO CASADO, PA",2019/2/24,,31.3
"PUERTO CASADO, PA",2019/2/25,,31.3
"PUERTO CASADO, PA",2019/2/26,,23.2
"PUERTO CASADO, PA",2019/2/27,16,23.9
"PUERTO CASADO, PA",2019/2/28,2,25.3
"PUERTO CASADO, PA",2019/3/1,0,26.9
"PUERTO CASADO, PA",2019/3/2,,28.9
"PUERTO CASADO, PA",2019/3/3,,30.8
"PUERTO CASADO, PA",2019/3/4,,29.9
"PUERTO CASADO, PA",2019/3/5,,30.1
"PUERTO CASADO, PA",2019/3/6,,32.2
"PUERTO CASADO, PA",2019/3/7,,29.9
"PUERTO CASADO, PA",2019/3/8,,31.4
"PUERTO CASADO, PA",2019/3/9,142.2,25.7
"PUERTO CASADO, PA",2019/3/10,5.1,24.3
"PUERTO CASADO, PA",2019/3/11,0,25.9
"PUERTO CASADO, PA",2019/3/12,,28.3
"PUERTO CASADO, PA",2019/3/13,,25.8
"PUERTO CASADO, PA",2019/3/14,,26.8
"PUERTO CASADO, PA",2019/3/15,13.5,27.2
"PUERTO CASADO, PA",2019/3/16,0,25.4
"PUERTO CASADO, PA",2019/3/17,72.6,25.8
"PUERTO CASADO, PA",2019/3/18,20.1,28.2
"PUERTO CASADO, PA",2019/3/19,20.3,27.9
"PUERTO CASADO, PA",2019/3/20,35.6,24.2
"PUERTO CASADO, PA",2019/3/21,10.9,23.9
"PUERTO CASADO, PA",2019/3/22,0,24.8
"PUERTO CASADO, PA",2019/3/23,,26.5
"PUERTO CASADO, PA",2019/3/24,,28.1
"PUERTO CASADO, PA",2019/3/25,,28.3
"PUERTO CASADO, PA",2019/3/26,,27.6
"PUERTO CASADO, PA",2019/3/27,,25.7
"PUERTO CASADO, PA",2019/3/28,,25.8
"PUERTO CASADO, PA",2019/3/29,,28.8
"PUERTO CASADO, PA",2019/3/30,,30.1
"PUERTO CASADO, PA",2019/3/31,,29.6
"PUERTO CASADO, PA",2019/4/1,,26.9
"PUERTO CASADO, PA",2019/4/2,2,27.3
"PUERTO CASADO, PA",2019/4/3,39.1,27.2
"PUERTO CASADO, PA",2019/4/4,0,27.7
"PUERTO CASADO, PA",2019/4/5,2.8,24.7
"PUERTO CASADO, PA",2019/4/6,32,20.2
"PUERTO CASADO, PA",2019/4/7,0,22.1
"PUERTO CASADO, PA",2019/4/8,,23
"PUERTO CASADO, PA",2019/4/9,,23.9
"PUERTO CASADO, PA",2019/4/10,,25.2
"PUERTO CASADO, PA",2019/4/11,25.9,26.4
"PUERTO CASADO, PA",2019/4/12,0,27.3
"PUERTO CASADO, PA",2019/4/13,,27.9
"PUERTO CASADO, PA",2019/4/14,,29.1
"PUERTO CASADO, PA",2019/4/15,,30
"PUERTO CASADO, PA",2019/4/16,,28.3
"PUERTO CASADO, PA",2019/4/17,,26.8
"PUERTO CASADO, PA",2019/4/18,,27.5
"PUERTO CASADO, PA",2019/4/19,,29.9
"PUERTO CASADO, PA",2019/4/20,,29.5
"PUERTO CASADO, PA",2019/4/21,3.3,26.1
"PUERTO CASADO, PA",2019/4/22,33,23.9
"PUERTO CASADO, PA",2019/4/23,0.5,25.9
"PUERTO CASADO, PA",2019/4/24,0,27.2
"PUERTO CASADO, PA",2019/4/25,,27.8
"PUERTO CASADO, PA",2019/4/26,5.1,26.9
"PUERTO CASADO, PA",2019/4/27,25.1,23.7
"PUERTO CASADO, PA",2019/4/28,15,22.9
"PUERTO CASADO, PA",2019/4/29,0,23.7
"PUERTO CASADO, PA",2019/4/30,,24.8
"PUERTO CASADO, PA",2019/5/1,,23.9
"PUERTO CASADO, PA",2019/5/2,2,24.1
"PUERTO CASADO, PA",2019/5/3,6.1,26.4
"PUERTO CASADO, PA",2019/5/4,0,27.1
"PUERTO CASADO, PA",2019/5/5,,28.1
"PUERTO CASADO, PA",2019/5/6,,26.7
"PUERTO CASADO, PA",2019/5/7,4.3,26.9
"PUERTO CASADO, PA",2019/5/8,0,28.6
"PUERTO CASADO, PA",2019/5/9,,28.3
"PUERTO CASADO, PA",2019/5/10,,28.2
"PUERTO CASADO, PA",2019/5/11,13.7,24.7
"PUERTO CASADO, PA",2019/5/12,70.6,18.6
"PUERTO CASADO, PA",2019/5/13,0,17.3
"PUERTO CASADO, PA",2019/5/14,,19.4
"PUERTO CASADO, PA",2019/5/15,,18.5
"PUERTO CASADO, PA",2019/5/16,,20.6
"PUERTO CASADO, PA",2019/5/17,,21.3
"PUERTO CASADO, PA",2019/5/18,,25
"PUERTO CASADO, PA",2019/5/19,1.3,24.6
"PUERTO CASADO, PA",2019/5/20,0,25.3
"PUERTO CASADO, PA",2019/5/21,,25.3
"PUERTO CASADO, PA",2019/5/22,0,20.8
"PUERTO CASADO, PA",2019/5/23,17,17.1
"PUERTO CASADO, PA",2019/5/24,6.1,16.4
"PUERTO CASADO, PA",2019/5/25,0,16.6
"PUERTO CASADO, PA",2019/5/26,,22.4
"PUERTO CASADO, PA",2019/5/27,,26
"PUERTO CASADO, PA",2019/5/28,1,24.9
"PUERTO CASADO, PA",2019/5/29,0.3,24.9
"PUERTO CASADO, PA",2019/5/30,0,25.8
"PUERTO CASADO, PA",2019/5/31,,23.5
"PUERTO CASADO, PA",2019/6/1,,18.8
"PUERTO CASADO, PA",2019/6/2,4.1,17.4
"PUERTO CASADO, PA",2019/6/3,0,18.4
"PUERTO CASADO, PA",2019/6/4,,18.3
"PUERTO CASADO, PA",2019/6/5,,21.4
"PUERTO CASADO, PA",2019/6/6,,21.9
"PUERTO CASADO, PA",2019/6/7,,23.9
"PUERTO CASADO, PA",2019/6/8,,21.9
"PUERTO CASADO, PA",2019/6/9,,20.2
"PUERTO CASADO, PA",2019/6/10,,24.2
"PUERTO CASADO, PA",2019/6/11,,26.3
"PUERTO CASADO, PA",2019/6/12,,26.4
"PUERTO CASADO, PA",2019/6/13,,26.5
"PUERTO CASADO, PA",2019/6/14,,25.4
"PUERTO CASADO, PA",2019/6/15,,26.6
"PUERTO CASADO, PA",2019/6/16,,25
"PUERTO CASADO, PA",2019/6/17,0.3,20.1
"PUERTO CASADO, PA",2019/6/18,0,22.6
"PUERTO CASADO, PA",2019/6/19,,20.4
"PUERTO CASADO, PA",2019/6/20,0.8,18.8
"PUERTO CASADO, PA",2019/6/21,0,23.4
"PUERTO CASADO, PA",2019/6/22,,23.9
"PUERTO CASADO, PA",2019/6/23,,26.1
"PUERTO CASADO, PA",2019/6/24,,24.4
"PUERTO CASADO, PA",2019/6/25,,25.9
"PUERTO CASADO, PA",2019/6/26,2,13.8
"PUERTO CASADO, PA",2019/6/27,0,15.3
"PUERTO CASADO, PA",2019/6/28,,25.8
"PUERTO CASADO, PA",2019/6/29,,28
"PUERTO CASADO, PA",2019/6/30,,27.7
"PUERTO CASADO, PA",2019/7/1,0.8,20.4
"PUERTO CASADO, PA",2019/7/2,0.3,18.2
"PUERTO CASADO, PA",2019/7/3,0,18.7
"PUERTO CASADO, PA",2019/7/4,1,14.1
"PUERTO CASADO, PA",2019/7/5,4.1,14.1
"PUERTO CASADO, PA",2019/7/6,0,12.1
"PUERTO CASADO, PA",2019/7/7,,11.9
"PUERTO CASADO, PA",2019/7/8,,15
"PUERTO CASADO, PA",2019/7/9,,22.9
"PUERTO CASADO, PA",2019/7/10,,23
"PUERTO CASADO, PA",2019/7/11,,23.8
"PUERTO CASADO, PA",2019/7/12,,24.6
"PUERTO CASADO, PA",2019/7/13,,24.9
"PUERTO CASADO, PA",2019/7/14,,26.1
"PUERTO CASADO, PA",2019/7/15,,23.2
"PUERTO CASADO, PA",2019/7/16,3,19.4
"PUERTO CASADO, PA",2019/7/17,0,17.8
"PUERTO CASADO, PA",2019/7/18,,21.5
"PUERTO CASADO, PA",2019/7/19,10.9,20.6
"PUERTO CASADO, PA",2019/7/20,18,22.7
"PUERTO CASADO, PA",2019/7/21,0,24.2
"PUERTO CASADO, PA",2019/7/22,,27.3
"PUERTO CASADO, PA",2019/7/23,,23.2
"PUERTO CASADO, PA",2019/7/24,,13.9
"PUERTO CASADO, PA",2019/7/25,,11.4
"PUERTO CASADO, PA",2019/7/26,,11.6
"PUERTO CASADO, PA",2019/7/27,,13.3
"PUERTO CASADO, PA",2019/7/28,,13.7
"PUERTO CASADO, PA",2019/7/29,,22.2
"PUERTO CASADO, PA",2019/7/30,,24.5
"PUERTO CASADO, PA",2019/7/31,,26.4
"PUERTO CASADO, PA",2019/8/1,,25.7
"PUERTO CASADO, PA",2019/8/2,,19.1
"PUERTO CASADO, PA",2019/8/3,,13.3
"PUERTO CASADO, PA",2019/8/4,,13.5
"PUERTO CASADO, PA",2019/8/5,,16.1
"PUERTO CASADO, PA",2019/8/6,,20.8
"PUERTO CASADO, PA",2019/8/7,,26.6
"PUERTO CASADO, PA",2019/8/8,,28.1
"PUERTO CASADO, PA",2019/8/9,,23.3
"PUERTO CASADO, PA",2019/8/10,,14.7
"PUERTO CASADO, PA",2019/8/11,,18.3
"PUERTO CASADO, PA",2019/8/12,,26.9
"PUERTO CASADO, PA",2019/8/13,11.7,21.8
"PUERTO CASADO, PA",2019/8/14,0,14.8
"PUERTO CASADO, PA",2019/8/15,,18.7
"PUERTO CASADO, PA",2019/8/16,,26.4
"PUERTO CASADO, PA",2019/8/17,,27.5
"PUERTO CASADO, PA",2019/8/18,,28.8
"PUERTO CASADO, PA",2019/8/19,,21.5
"PUERTO CASADO, PA",2019/8/20,,20.6
"PUERTO CASADO, PA",2019/8/21,,22.2
"PUERTO CASADO, PA",2019/8/22,,23.9
"PUERTO CASADO, PA",2019/8/23,,22.1
"PUERTO CASADO, PA",2019/8/24,,20.8
"PUERTO CASADO, PA",2019/8/25,,25.8
"PUERTO CASADO, PA",2019/8/26,,25.1
"PUERTO CASADO, PA",2019/8/27,2,24.3
"PUERTO CASADO, PA",2019/8/28,0,26.8
"PUERTO CASADO, PA",2019/8/29,,25.9
"PUERTO CASADO, PA",2019/8/30,,28.9
"PUERTO CASADO, PA",2019/8/31,,25.2
"PUERTO CASADO, PA",2019/9/1,,18.5
"PUERTO CASADO, PA",2019/9/2,,19.7
"PUERTO CASADO, PA",2019/9/3,,22.7
"PUERTO CASADO, PA",2019/9/4,,22.8
"PUERTO CASADO, PA",2019/9/5,,22.1
"PUERTO CASADO, PA",2019/9/6,,22.7
"PUERTO CASADO, PA",2019/9/7,,31.2
"PUERTO CASADO, PA",2019/9/8,,31.8
"PUERTO CASADO, PA",2019/9/9,,32.7
"PUERTO CASADO, PA",2019/9/10,,31.6
"PUERTO CASADO, PA",2019/9/11,,28.8
"PUERTO CASADO, PA",2019/9/12,,21.9
"PUERTO CASADO, PA",2019/9/13,,20.9
"PUERTO CASADO, PA",2019/9/14,,25.7
"PUERTO CASADO, PA",2019/9/15,,32.1
"PUERTO CASADO, PA",2019/9/16,,33.8
"PUERTO CASADO, PA",2019/9/17,,26.3
"PUERTO CASADO, PA",2019/9/18,,22.8
"PUERTO CASADO, PA",2019/9/19,,26.3
"PUERTO CASADO, PA",2019/9/20,,26.4
"PUERTO CASADO, PA",2019/9/21,,25.2
"PUERTO CASADO, PA",2019/9/22,,26.3
"PUERTO CASADO, PA",2019/9/23,,26.7
"PUERTO CASADO, PA",2019/9/24,,29.4
"PUERTO CASADO, PA",2019/9/25,5.1,24.9
"PUERTO CASADO, PA",2019/9/26,3,23.8
"PUERTO CASADO, PA",2019/9/27,0,25.9
"PUERTO CASADO, PA",2019/9/28,,24.9
"PUERTO CASADO, PA",2019/9/29,,32.4
"PUERTO CASADO, PA",2019/9/30,,33.4
"PUERTO CASADO, PA",2019/10/1,,34.6
"PUERTO CASADO, PA",2019/10/2,,32.1
"PUERTO CASADO, PA",2019/10/3,,24.9
"PUERTO CASADO, PA",2019/10/4,,27.4
"PUERTO CASADO, PA",2019/10/5,1,22.8
"PUERTO CASADO, PA",2019/10/6,8.4,17.8
"PUERTO CASADO, PA",2019/10/7,2,21.9
"PUERTO CASADO, PA",2019/10/8,0,25.9
"PUERTO CASADO, PA",2019/10/9,,30.1
"PUERTO CASADO, PA",2019/10/10,,30.5
"PUERTO CASADO, PA",2019/10/11,,33
"PUERTO CASADO, PA",2019/10/12,,33.2
"PUERTO CASADO, PA",2019/10/13,,34.2
"PUERTO CASADO, PA",2019/10/14,5.1,31.9
"PUERTO CASADO, PA",2019/10/15,31,22
"PUERTO CASADO, PA",2019/10/16,0,21.5
"PUERTO CASADO, PA",2019/10/17,,25.9
"PUERTO CASADO, PA",2019/10/18,,28.9
"PUERTO CASADO, PA",2019/10/19,,22.8
"PUERTO CASADO, PA",2019/10/20,,28.1
"PUERTO CASADO, PA",2019/10/21,0.5,26.4
"PUERTO CASADO, PA",2019/10/22,0,23.1
"PUERTO CASADO, PA",2019/10/23,,30.9
"PUERTO CASADO, PA",2019/10/24,,28.5
"PUERTO CASADO, PA",2019/10/25,,29.6
"PUERTO CASADO, PA",2019/10/26,0.5,31.1
"PUERTO CASADO, PA",2019/10/27,0,33.7
"PUERTO CASADO, PA",2019/10/28,,35.4
"PUERTO CASADO, PA",2019/10/29,,34.7
"PUERTO CASADO, PA",2019/10/30,,35.9
"PUERTO CASADO, PA",2019/10/31,,34.2
"PUERTO CASADO, PA",2019/11/1,,29.2
"PUERTO CASADO, PA",2019/11/2,,34.2
"PUERTO CASADO, PA",2019/11/3,,32.3
"PUERTO CASADO, PA",2019/11/4,,33.8
"PUERTO CASADO, PA",2019/11/5,,31.7
"PUERTO CASADO, PA",2019/11/6,,29.5
"PUERTO CASADO, PA",2019/11/7,11.9,27.3
"PUERTO CASADO, PA",2019/11/8,0,29.1
"PUERTO CASADO, PA",2019/11/9,,31.6
"PUERTO CASADO, PA",2019/11/10,,28.7
"PUERTO CASADO, PA",2019/11/11,,30.2
"PUERTO CASADO, PA",2019/11/12,,32.8
"PUERTO CASADO, PA",2019/11/13,5.3,27.6
"PUERTO CASADO, PA",2019/11/14,55.9,25.2
"PUERTO CASADO, PA",2019/11/15,0,30.8
"PUERTO CASADO, PA",2019/11/16,,28.5
"PUERTO CASADO, PA",2019/11/17,,28.7
"PUERTO CASADO, PA",2019/11/18,,29.5
"PUERTO CASADO, PA",2019/11/19,,32.6
"PUERTO CASADO, PA",2019/11/20,,32.6
"PUERTO CASADO, PA",2019/11/21,,30.8
"PUERTO CASADO, PA",2019/11/22,,31.1
"PUERTO CASADO, PA",2019/11/23,,30.8
"PUERTO CASADO, PA",2019/11/24,,31.8
"PUERTO CASADO, PA",2019/11/25,,32.6
"PUERTO CASADO, PA",2019/11/26,,32.5
"PUERTO CASADO, PA",2019/11/27,62.5,25.7
"PUERTO CASADO, PA",2019/11/28,43.9,26
"PUERTO CASADO, PA",2019/11/29,0,29.3
"PUERTO CASADO, PA",2019/11/30,,32.1
"PUERTO CASADO, PA",2019/12/1,1,27.4
"PUERTO CASADO, PA",2019/12/2,21.6,25.7
"PUERTO CASADO, PA",2019/12/3,0,27.9
"PUERTO CASADO, PA",2019/12/4,3,29.1
"PUERTO CASADO, PA",2019/12/5,47,24.9
"PUERTO CASADO, PA",2019/12/6,0,25.2
"PUERTO CASADO, PA",2019/12/7,,26.9
"PUERTO CASADO, PA",2019/12/8,,26.6
"PUERTO CASADO, PA",2019/12/9,60.7,24.6
"PUERTO CASADO, PA",2019/12/10,7.1,26.9
"PUERTO CASADO, PA",2019/12/13,4.1,28.3
"PUERTO CASADO, PA",2019/12/14,0,30.1
"PUERTO CASADO, PA",2019/12/15,,30.3
"PUERTO CASADO, PA",2019/12/16,49,25.2
"PUERTO CASADO, PA",2019/12/17,0,23.8
"PUERTO CASADO, PA",2019/12/18,7.9,26.3
"PUERTO CASADO, PA",2019/12/19,0,28.8
"PUERTO CASADO, PA",2019/12/20,,30.4
"PUERTO CASADO, PA",2019/12/21,30.5,24.7
"PUERTO CASADO, PA",2019/12/22,24.9,23.4
"PUERTO CASADO, PA",2019/12/23,0,25.1
"PUERTO CASADO, PA",2019/12/24,,26.8
"PUERTO CASADO, PA",2019/12/25,,29.8
"PUERTO CASADO, PA",2019/12/26,,30.4
"PUERTO CASADO, PA",2019/12/27,,30.3
"PUERTO CASADO, PA",2019/12/28,,29.3
"PUERTO CASADO, PA",2019/12/29,,31.5
"PUERTO CASADO, PA",2019/12/30,,29.2
"PUERTO CASADO, PA",2019/12/31,,29.9
"PUERTO CASADO, PA",2020/1/1,,30.1
"PUERTO CASADO, PA",2020/1/2,,30.3
"PUERTO CASADO, PA",2020/1/3,,28.9
"PUERTO CASADO, PA",2020/1/4,,27.4
"PUERTO CASADO, PA",2020/1/5,,29.6
"PUERTO CASADO, PA",2020/1/6,,30.7
"PUERTO CASADO, PA",2020/1/7,64.3,25.9
"PUERTO CASADO, PA",2020/1/8,24.9,26.4
"PUERTO CASADO, PA",2020/1/9,0,29.8
"PUERTO CASADO, PA",2020/1/10,,30.7
"PUERTO CASADO, PA",2020/1/11,,31.1
"PUERTO CASADO, PA",2020/1/12,3,30.4
"PUERTO CASADO, PA",2020/1/14,6.1,29.3
"PUERTO CASADO, PA",2020/1/15,0,31.2
"PUERTO CASADO, PA",2020/1/16,,31.7
"PUERTO CASADO, PA",2020/1/17,,30.3
"PUERTO CASADO, PA",2020/1/18,,29.4
"PUERTO CASADO, PA",2020/1/19,,31.3
"PUERTO CASADO, PA",2020/1/20,,32.5
"PUERTO CASADO, PA",2020/1/21,,32.3
"PUERTO CASADO, PA",2020/1/22,7.1,29.2
"PUERTO CASADO, PA",2020/1/23,1.8,25.2
"PUERTO CASADO, PA",2020/1/25,,29.1
"PUERTO CASADO, PA",2020/1/26,,32
"PUERTO CASADO, PA",2020/1/27,,30.5
"PUERTO CASADO, PA",2020/1/28,,30.8
"PUERTO CASADO, PA",2020/1/29,,28.8
"PUERTO CASADO, PA",2020/1/31,8.9,25.7
"PUERTO CASADO, PA",2020/2/1,0,25.2
"PUERTO CASADO, PA",2020/2/2,4.6,29.6
"PUERTO CASADO, PA",2020/2/5,,30.1
"PUERTO CASADO, PA",2020/2/6,,29.8
"PUERTO CASADO, PA",2020/2/7,,29.2
"PUERTO CASADO, PA",2020/2/8,35.1,26.4
"PUERTO CASADO, PA",2020/2/9,0,29.2
"PUERTO CASADO, PA",2020/2/11,,30.5
"PUERTO CASADO, PA",2020/2/12,,30.5
"PUERTO CASADO, PA",2020/2/13,,30.9
"PUERTO CASADO, PA",2020/2/15,,33.3
"PUERTO CASADO, PA",2020/2/16,,31.4
"PUERTO CASADO, PA",2020/2/17,,31.9
"PUERTO CASADO, PA",2020/2/18,,31.7
"PUERTO CASADO, PA",2020/2/19,,31.2
"PUERTO CASADO, PA",2020/2/20,3,26.6
"PUERTO CASADO, PA",2020/2/21,4.1,27.4
"PUERTO CASADO, PA",2020/2/22,0,25.4
"PUERTO CASADO, PA",2020/2/23,,24.6
"PUERTO CASADO, PA",2020/2/24,,24.1
"PUERTO CASADO, PA",2020/2/25,,30.3
"PUERTO CASADO, PA",2020/2/26,9.4,27.3
"PUERTO CASADO, PA",2020/2/27,0,27.1
"PUERTO CASADO, PA",2020/2/28,,26.8
"PUERTO CASADO, PA",2020/2/29,,28.1
"PUERTO CASADO, PA",2020/3/1,,28.3
"PUERTO CASADO, PA",2020/3/2,,29.7
"PUERTO CASADO, PA",2020/3/3,,28.6
"PUERTO CASADO, PA",2020/3/4,,28.8
"PUERTO CASADO, PA",2020/3/5,,29.7
"PUERTO CASADO, PA",2020/3/6,,28.7
"PUERTO CASADO, PA",2020/3/7,,29.4
"PUERTO CASADO, PA",2020/3/8,,30.6
"PUERTO CASADO, PA",2020/3/9,,29.7
"PUERTO CASADO, PA",2020/3/10,,33.6
"PUERTO CASADO, PA",2020/3/11,,32.1
"PUERTO CASADO, PA",2020/3/12,,33.4
"PUERTO CASADO, PA",2020/3/13,,32
"PUERTO CASADO, PA",2020/3/14,,34.1
"PUERTO CASADO, PA",2020/3/15,,33.1
"PUERTO CASADO, PA",2020/3/16,,29.3
"PUERTO CASADO, PA",2020/3/17,,28.3
"PUERTO CASADO, PA",2020/3/18,,30.4
"PUERTO CASADO, PA",2020/3/19,45,28.2
"PUERTO CASADO, PA",2020/3/20,5.1,26.7
"PUERTO CASADO, PA",2020/3/21,0,27.4
"PUERTO CASADO, PA",2020/3/22,,24.8
"PUERTO CASADO, PA",2020/3/23,,29
"PUERTO CASADO, PA",2020/3/24,,27.8
"PUERTO CASADO, PA",2020/3/25,,26.8
"PUERTO CASADO, PA",2020/3/26,,31
"PUERTO CASADO, PA",2020/3/27,,30.4
"PUERTO CASADO, PA",2020/3/28,23.9,26.8
"PUERTO CASADO, PA",2020/3/29,0,29.3
"PUERTO CASADO, PA",2020/3/30,,29.4
"PUERTO CASADO, PA",2020/3/31,,30.2
"PUERTO CASADO, PA",2020/4/1,,29.9
"PUERTO CASADO, PA",2020/4/2,,30.1
"PUERTO CASADO, PA",2020/4/3,,25.6
"PUERTO CASADO, PA",2020/4/4,,21.9
"PUERTO CASADO, PA",2020/4/6,,29.2
"PUERTO CASADO, PA",2020/4/9,,19.9
"PUERTO CASADO, PA",2020/4/12,,21.8
"PUERTO CASADO, PA",2020/4/13,,27.7
"PUERTO CASADO, PA",2020/4/14,24.9,21.7
"PUERTO CASADO, PA",2020/4/15,0,18.6
"PUERTO CASADO, PA",2020/4/16,,19.5
"PUERTO CASADO, PA",2020/4/17,,20.7
"PUERTO CASADO, PA",2020/4/18,,21.6
"PUERTO CASADO, PA",2020/4/19,,22.6
"PUERTO CASADO, PA",2020/4/20,,24.9
"PUERTO CASADO, PA",2020/4/21,,25.4
"PUERTO CASADO, PA",2020/4/22,,24.9
"PUERTO CASADO, PA",2020/4/23,,25.6
"PUERTO CASADO, PA",2020/4/24,,26
"PUERTO CASADO, PA",2020/4/25,,28.9
"PUERTO CASADO, PA",2020/4/26,,29.7
"PUERTO CASADO, PA",2020/4/27,,30.5
"PUERTO CASADO, PA",2020/4/28,,29.8
"PUERTO CASADO, PA",2020/4/29,,27.9
"PUERTO CASADO, PA",2020/4/30,,28.2
"PUERTO CASADO, PA",2020/5/1,,28.3
"PUERTO CASADO, PA",2020/5/2,,28.1
"PUERTO CASADO, PA",2020/5/3,,27.5
"PUERTO CASADO, PA",2020/5/4,,27.8
"PUERTO CASADO, PA",2020/5/5,,26.9
"PUERTO CASADO, PA",2020/5/6,23.9,21.9
"PUERTO CASADO, PA",2020/5/7,0,16.5
"PUERTO CASADO, PA",2020/5/8,,17.7
"PUERTO CASADO, PA",2020/5/9,,18.9
"PUERTO CASADO, PA",2020/5/10,,24.6
"PUERTO CASADO, PA",2020/5/11,,25.4
"PUERTO CASADO, PA",2020/5/12,11.9,23.8
"PUERTO CASADO, PA",2020/5/13,0,22.8
"PUERTO CASADO, PA",2020/5/14,,22.3
"PUERTO CASADO, PA",2020/5/15,,17.9
"PUERTO CASADO, PA",2020/5/16,,17.9
"PUERTO CASADO, PA",2020/5/17,,20.9
"PUERTO CASADO, PA",2020/5/18,,22.9
"PUERTO CASADO, PA",2020/5/19,,25.2
"PUERTO CASADO, PA",2020/5/20,,26.8
"PUERTO CASADO, PA",2020/5/21,,28.3
"PUERTO CASADO, PA",2020/5/22,1.5,21.1
"PUERTO CASADO, PA",2020/5/23,15,14.7
"PUERTO CASADO, PA",2020/5/24,0,15.3
"PUERTO CASADO, PA",2020/5/25,,18.3
"PUERTO CASADO, PA",2020/5/26,,19.2
"PUERTO CASADO, PA",2020/5/27,,18.1
"PUERTO CASADO, PA",2020/5/28,,19.3
"PUERTO CASADO, PA",2020/5/29,,21.8
"PUERTO CASADO, PA",2020/5/30,,23.4
"PUERTO CASADO, PA",2020/5/31,2.8,23.9
"PUERTO CASADO, PA",2020/6/1,0,13.5
"PUERTO CASADO, PA",2020/6/2,2,11.4
"PUERTO CASADO, PA",2020/6/3,0,15.6
"PUERTO CASADO, PA",2020/6/4,2.5,17.6
"PUERTO CASADO, PA",2020/6/5,24.6,15.4
"PUERTO CASADO, PA",2020/6/6,6.1,14.7
"PUERTO CASADO, PA",2020/6/7,0,17.8
"PUERTO CASADO, PA",2020/6/8,,23.4
"PUERTO CASADO, PA",2020/6/9,,26.4
"PUERTO CASADO, PA",2020/6/10,,27.4
"PUERTO CASADO, PA",2020/6/11,,27.9
"PUERTO CASADO, PA",2020/6/12,,27.8
"PUERTO CASADO, PA",2020/6/13,,24
"PUERTO CASADO, PA",2020/6/14,,15.6
"PUERTO CASADO, PA",2020/6/15,,18.6
"PUERTO CASADO, PA",2020/6/16,,24.1
"PUERTO CASADO, PA",2020/6/17,,24.9
"PUERTO CASADO, PA",2020/6/18,,27
"PUERTO CASADO, PA",2020/6/19,,27.6
"PUERTO CASADO, PA",2020/6/20,,27.7
"PUERTO CASADO, PA",2020/6/21,,26.7
"PUERTO CASADO, PA",2020/6/22,,26.6
"PUERTO CASADO, PA",2020/6/23,,26.7
"PUERTO CASADO, PA",2020/6/24,,27.1
"PUERTO CASADO, PA",2020/6/25,,24.5
"PUERTO CASADO, PA",2020/6/26,,14
"PUERTO CASADO, PA",2020/6/27,37.1,13.9
"PUERTO CASADO, PA",2020/6/28,0,15.7
"PUERTO CASADO, PA",2020/6/29,,22.2
"PUERTO CASADO, PA",2020/6/30,,24
"PUERTO CASADO, PA",2020/7/1,,16.8
"PUERTO CASADO, PA",2020/7/2,,14.8
"PUERTO CASADO, PA",2020/7/3,,14.6
"PUERTO CASADO, PA",2020/7/4,,21.2
"PUERTO CASADO, PA",2020/7/5,,25.1
"PUERTO CASADO, PA",2020/7/6,,23.5
"PUERTO CASADO, PA",2020/7/7,,19.8
"PUERTO CASADO, PA",2020/7/8,9.9,13.2
"PUERTO CASADO, PA",2020/7/9,0,14.6
"PUERTO CASADO, PA",2020/7/10,,17.8
"PUERTO CASADO, PA",2020/7/11,,23.6
"PUERTO CASADO, PA",2020/7/12,,25.6
"PUERTO CASADO, PA",2020/7/13,,25.4
"PUERTO CASADO, PA",2020/7/14,,21.9
"PUERTO CASADO, PA",2020/7/15,,20.9
"PUERTO CASADO, PA",2020/7/18,,26.4
"PUERTO CASADO, PA",2020/7/19,,26.8
"PUERTO CASADO, PA",2020/7/20,,26.8
"PUERTO CASADO, PA",2020/7/21,,26.8
"PUERTO CASADO, PA",2020/7/22,,26.8
"PUERTO CASADO, PA",2020/7/23,,25.1
"PUERTO CASADO, PA",2020/7/24,,21.7
"PUERTO CASADO, PA",2020/7/25,,13.5
"PUERTO CASADO, PA",2020/7/26,,15.2
"PUERTO CASADO, PA",2020/7/27,,22.3
"PUERTO CASADO, PA",2020/7/28,,23.1
"PUERTO CASADO, PA",2020/7/29,,15.1
"PUERTO CASADO, PA",2020/7/30,,15.1
"PUERTO CASADO, PA",2020/7/31,,21.1
"PUERTO CASADO, PA",2020/8/1,,26.6
"PUERTO CASADO, PA",2020/8/2,,27.6
"PUERTO CASADO, PA",2020/8/3,,27.4
"PUERTO CASADO, PA",2020/8/4,,27.1
"PUERTO CASADO, PA",2020/8/5,,27.1
"PUERTO CASADO, PA",2020/8/6,,26.2
"PUERTO CASADO, PA",2020/8/7,,26.4
"PUERTO CASADO, PA",2020/8/8,,25.1
"PUERTO CASADO, PA",2020/8/9,,25.9
"PUERTO CASADO, PA",2020/8/10,,27.7
"PUERTO CASADO, PA",2020/8/11,,26.5
"PUERTO CASADO, PA",2020/8/12,,19.7
"PUERTO CASADO, PA",2020/8/13,,16.9
"PUERTO CASADO, PA",2020/8/14,,22.8
"PUERTO CASADO, PA",2020/8/15,,25.9
"PUERTO CASADO, PA",2020/8/16,,20.1
"PUERTO CASADO, PA",2020/8/17,0.5,21.2
"PUERTO CASADO, PA",2020/8/18,1,21.1
"PUERTO CASADO, PA",2020/8/19,46.2,19.4
"PUERTO CASADO, PA",2020/8/20,0,12.5
"PUERTO CASADO, PA",2020/8/21,,11.1
"PUERTO CASADO, PA",2020/8/22,,12.1
"PUERTO CASADO, PA",2020/8/23,,19.2
"PUERTO CASADO, PA",2020/8/24,,24.2
"PUERTO CASADO, PA",2020/8/25,,28.1
"PUERTO CASADO, PA",2020/8/26,,28.9
"PUERTO CASADO, PA",2020/8/27,,30.2
"PUERTO CASADO, PA",2020/8/28,,30
"PUERTO CASADO, PA",2020/8/29,,29.7
"PUERTO CASADO, PA",2020/8/30,,27.5
"PUERTO CASADO, PA",2020/8/31,,22.3
"PUERTO CASADO, PA",2020/9/1,,20.6
"PUERTO CASADO, PA",2020/9/2,,19.6
"PUERTO CASADO, PA",2020/9/3,,21.2
"PUERTO CASADO, PA",2020/9/4,,22.5
"PUERTO CASADO, PA",2020/9/5,,26.6
"PUERTO CASADO, PA",2020/9/6,,29.3
"PUERTO CASADO, PA",2020/9/7,,24.4
"PUERTO CASADO, PA",2020/9/8,,21.2
"PUERTO CASADO, PA",2020/9/9,,25.7
"PUERTO CASADO, PA",2020/9/10,,29.8
"PUERTO CASADO, PA",2020/9/11,,29.8
"PUERTO CASADO, PA",2020/9/12,,30.1
"PUERTO CASADO, PA",2020/9/13,,29.1
"PUERTO CASADO, PA",2020/9/14,,27.1
"PUERTO CASADO, PA",2020/9/15,,21.2
"PUERTO CASADO, PA",2020/9/16,,25.2
"PUERTO CASADO, PA",2020/9/17,,23.3
"PUERTO CASADO, PA",2020/9/18,,24.1
"PUERTO CASADO, PA",2020/9/19,,25.6
"PUERTO CASADO, PA",2020/9/20,40.9,23
"PUERTO CASADO, PA",2020/9/21,0,19.5
"PUERTO CASADO, PA",2020/9/22,,21.3
"PUERTO CASADO, PA",2020/9/23,,26.1
"PUERTO CASADO, PA",2020/9/24,,29.2
"PUERTO CASADO, PA",2020/9/25,,30.4
"PUERTO CASADO, PA",2020/9/26,,31.3
"PUERTO CASADO, PA",2020/9/27,,32.5
"PUERTO CASADO, PA",2020/9/28,1.3,24
"PUERTO CASADO, PA",2020/9/29,0,26.1
"PUERTO CASADO, PA",2020/9/30,,31.8
"PUERTO CASADO, PA",2020/10/1,,34.3
"PUERTO CASADO, PA",2020/10/3,,30.7
"PUERTO CASADO, PA",2020/10/5,,25.3
"PUERTO CASADO, PA",2020/10/6,,28.4
"PUERTO CASADO, PA",2020/10/7,,30.3
"PUERTO CASADO, PA",2020/10/10,,31.9
"PUERTO CASADO, PA",2020/10/11,,31.2
"PUERTO CASADO, PA",2020/10/12,,32.6
"PUERTO CASADO, PA",2020/10/13,,31.1
"PUERTO CASADO, PA",2020/10/14,,33.3
"PUERTO CASADO, PA",2020/10/15,35.3,26.4
"PUERTO CASADO, PA",2020/10/17,,28.2
"PUERTO CASADO, PA",2020/10/18,,26.3
"PUERTO CASADO, PA",2020/10/19,,27.9
"PUERTO CASADO, PA",2020/10/20,,30.4
"PUERTO CASADO, PA",2020/10/21,,29.5
"PUERTO CASADO, PA",2020/10/22,,29.9
"PUERTO CASADO, PA",2020/10/23,,27.1
"PUERTO CASADO, PA",2020/10/24,,30.4
"PUERTO CASADO, PA",2020/10/25,,30.4
"PUERTO CASADO, PA",2020/10/26,4.3,26.4
"PUERTO CASADO, PA",2020/10/27,51.6,24.9
"PUERTO CASADO, PA",2020/10/28,0,26.8
"PUERTO CASADO, PA",2020/10/29,,26
"PUERTO CASADO, PA",2020/10/30,,21.4
"PUERTO CASADO, PA",2020/10/31,,27
"PUERTO CASADO, PA",2020/11/1,,25.2
"PUERTO CASADO, PA",2020/11/2,,27.2
"PUERTO CASADO, PA",2020/11/3,,26.7
"PUERTO CASADO, PA",2020/11/4,,27.9
"PUERTO CASADO, PA",2020/11/5,,28.8
"PUERTO CASADO, PA",2020/11/7,,33.9
"PUERTO CASADO, PA",2020/11/8,,29.8
"PUERTO CASADO, PA",2020/11/9,,26.7
"PUERTO CASADO, PA",2020/11/10,,23.1
"PUERTO CASADO, PA",2020/11/11,5.3,23.9
"PUERTO CASADO, PA",2020/11/12,0,26.8
"PUERTO CASADO, PA",2020/11/13,,29.1
"PUERTO CASADO, PA",2020/11/14,,27.2
"PUERTO CASADO, PA",2020/11/15,3.3,26.6
"PUERTO CASADO, PA",2020/11/17,,31.1
"PUERTO CASADO, PA",2020/11/18,4.1,21.6
"PUERTO CASADO, PA",2020/11/19,6.1,22.7
"PUERTO CASADO, PA",2020/11/20,0,19.8
"PUERTO CASADO, PA",2020/11/21,,32.2
"PUERTO CASADO, PA",2020/11/22,,28.6
"PUERTO CASADO, PA",2020/11/23,,29.6
"PUERTO CASADO, PA",2020/11/24,,31.7
"PUERTO CASADO, PA",2020/11/25,,32.8
"PUERTO CASADO, PA",2020/11/26,,29.3
"PUERTO CASADO, PA",2020/11/28,,34.3
"PUERTO CASADO, PA",2020/11/29,,31.3
"PUERTO CASADO, PA",2020/11/30,,29.8
"PUERTO CASADO, PA",2020/12/1,,29
"PUERTO CASADO, PA",2020/12/2,5.1,30.7
"PUERTO CASADO, PA",2020/12/3,0,29.3
"PUERTO CASADO, PA",2020/12/5,22.6,23.7
"PUERTO CASADO, PA",2020/12/6,1,25.2
"PUERTO CASADO, PA",2020/12/7,0,26.8
"PUERTO CASADO, PA",2020/12/8,,28.7
"PUERTO CASADO, PA",2020/12/9,,31.9
"PUERTO CASADO, PA",2020/12/10,,31.5
"PUERTO CASADO, PA",2020/12/11,,31.8
"PUERTO CASADO, PA",2020/12/12,,30.9
"PUERTO CASADO, PA",2020/12/13,,29.7
"PUERTO CASADO, PA",2020/12/14,135.1,25.5
"PUERTO CASADO, PA",2020/12/15,0,27.8
"PUERTO CASADO, PA",2020/12/16,,27.8
"PUERTO CASADO, PA",2020/12/17,,27.2
"PUERTO CASADO, PA",2020/12/19,12.2,33.5
"PUERTO CASADO, PA",2020/12/20,0,32.3
"PUERTO CASADO, PA",2020/12/21,,27.5
"PUERTO CASADO, PA",2020/12/23,,30.4
"PUERTO CASADO, PA",2020/12/24,,32.2
"PUERTO CASADO, PA",2020/12/25,,32.4
"PUERTO CASADO, PA",2020/12/26,,31.3
"PUERTO CASADO, PA",2020/12/27,,31.5
"PUERTO CASADO, PA",2020/12/28,,33.4
"PUERTO CASADO, PA",2020/12/29,,30.4
"PUERTO CASADO, PA",2020/12/30,,28.9
"PUERTO CASADO, PA",2020/12/31,7.4,25.5
